{
    "Device Info": [
        {
            "cache_guid": "EAiypJc8Uvs4BMp5z4kFZg==",
            "google_play_services_version_info": {"apk_version_name": "244631029"},
            "device_form_factor": "DEVICE_FORM_FACTOR_PHONE",
            "pulse_interval_in_minutes": 10080,
            "os_type": "OS_TYPE_ANDROID",
            "last_updated_timestamp": 1734333177938,
            "device_type": "TYPE_PHONE",
            "model": "Pixel 7",
            "client_name": "Pixel 7",
            "manufacturer": "Google"
},
        {
            "cache_guid": "H+lu2u+E/6TUVItVBc+Rag==",
            "google_play_services_version_info": {"apk_version_name": "244738035"},
            "device_form_factor": "DEVICE_FORM_FACTOR_PHONE",
            "pulse_interval_in_minutes": 10080,
            "os_type": "OS_TYPE_ANDROID",
            "last_updated_timestamp": 1734534001667,
            "device_type": "TYPE_PHONE",
            "model": "Pixel 7",
            "client_name": "Pixel 7",
            "manufacturer": "Google"
}
    ]
}