<?xml version='1.0' encoding='utf-8' standalone='yes' ?>
<map>
    <long name="fire-count" value="1" />
    <string name="last-used-date">2024-12-19</string>
    <long name="fire-global" value="1734600518818" />
    <set name="fire-iid/21.1.1 device-model/panther device-name/panther fire-android/35 android-installer/com.android.vending fire-core/21.0.0_1p fire-fcm/23.3.2_1p fire-installations/17.0.2_1p device-brand/google fire-analytics/22.2.0 fire-transport/19.0.0_1p android-min-sdk/31 android-platform/ android-target-sdk/35">
        <string>2024-12-19</string>
    </set>
</map>
