<?xml version='1.0' encoding='utf-8' standalone='yes' ?>
<map>
    <boolean name="TaskDependency__enable_security_status_init_in_no_deadline" value="true" />
    <long name="window_start_time_ms" value="-1" />
    <boolean name="StartupRedesign__enable_startup_redesign" value="false" />
    <boolean name="ValueStore__enable_single_proc_jetpack_datastore_with_guava_data_store" value="false" />
    <boolean name="GservicesSetup__enable_non_blocking_gservice_init" value="false" />
    <boolean name="ValueStore__enable_single_proc_jetpack_datastore" value="false" />
    <boolean name="CrashTriggeredRecovery__enable_early_crash_detector" value="false" />
    <boolean name="Profiling__enable_whole_app_sampling_v2" value="false" />
    <boolean name="GservicesSetup__enable_gservice_init_on_demand" value="true" />
    <boolean name="Profiling__main_thread_only" value="false" />
    <boolean name="TaskDependency__move_mandatory_tasks_to_app_complete_deadline_1" value="false" />
    <boolean name="TaskDependency__enable_verifier_tasks_in_no_deadline_mode" value="false" />
    <boolean name="app_startup_sampling" value="false" />
    <boolean name="enable_startup_redesign" value="false" />
    <long name="whole_app_sampling_delay_ms" value="-1" />
    <boolean name="EnterpriseRefactoring__enable_comp_check_fix" value="false" />
    <boolean name="NetworkRequestConfig__enable_sensitive_logging" value="false" />
    <boolean name="StartupRedesign__enable_debugging" value="false" />
    <string name="last_fg_task_id">null</string>
    <boolean name="ValueStore__enable_single_proc_jetpack_datastore_with_separate_threadpool" value="false" />
    <long name="android_id" value="4337343581573270621" />
    <long name="Profiling__window_size_ms" value="3600000" />
    <boolean name="Profiling__enable_background_sampling" value="false" />
    <string name="current_account">dougleith23sep@gmail.com</string>
    <boolean name="ValueStore__enable_warm_single_proc_jetpack_datastore_with_separate_threadpool" value="false" />
</map>
