{"net":{"http_server_properties":{"broken_alternative_services":[{"anonymization":[],"broken_count":6,"broken_until":"1734547104","host":"www.googleapis.com","port":443,"protocol_str":"quic"}],"servers":[{"alternative_service":[{"advertised_alpns":[],"expiration":"9223372036854775807","port":443,"protocol_str":"quic"}],"anonymization":[],"server":"https://play.googleapis.com"},{"alternative_service":[{"advertised_alpns":[],"expiration":"9223372036854775807","port":443,"protocol_str":"quic"}],"anonymization":[],"server":"https://www.gstatic.com"},{"alternative_service":[{"advertised_alpns":[],"expiration":"9223372036854775807","port":443,"protocol_str":"quic"}],"anonymization":[],"server":"https://ssl.gstatic.com"},{"alternative_service":[{"advertised_alpns":[],"expiration":"9223372036854775807","port":443,"protocol_str":"quic"}],"anonymization":[],"server":"https://lh6.googleusercontent.com"},{"alternative_service":[{"advertised_alpns":[],"expiration":"9223372036854775807","port":443,"protocol_str":"quic"}],"anonymization":[],"server":"https://google.com"},{"alternative_service":[{"advertised_alpns":[],"expiration":"9223372036854775807","port":443,"protocol_str":"quic"}],"anonymization":[],"server":"https://sandbox.google.com"},{"alternative_service":[{"advertised_alpns":[],"expiration":"9223372036854775807","port":443,"protocol_str":"quic"}],"anonymization":[],"server":"https://support.google.com"},{"alternative_service":[{"advertised_alpns":[],"expiration":"9223372036854775807","port":443,"protocol_str":"quic"}],"anonymization":[],"server":"https://android-context-data.googleapis.com"},{"alternative_service":[{"advertised_alpns":[],"expiration":"9223372036854775807","port":443,"protocol_str":"quic"}],"anonymization":[],"server":"https://voilatile-pa.googleapis.com"},{"alternative_service":[{"advertised_alpns":[],"expiration":"9223372036854775807","port":443,"protocol_str":"quic"}],"anonymization":[],"server":"https://quake-pa.googleapis.com"},{"alternative_service":[{"advertised_alpns":[],"expiration":"9223372036854775807","port":443,"protocol_str":"quic"}],"anonymization":[],"server":"https://tac.googleapis.com"},{"alternative_service":[{"advertised_alpns":[],"expiration":"9223372036854775807","port":443,"protocol_str":"quic"}],"anonymization":[],"server":"https://heterodyne.googleapis.com"},{"alternative_service":[{"advertised_alpns":[],"expiration":"9223372036854775807","port":443,"protocol_str":"quic"}],"anonymization":[],"server":"https://www.gstatic.com:8888"},{"alternative_service":[{"advertised_alpns":[],"expiration":"9223372036854775807","port":443,"protocol_str":"quic"}],"anonymization":[],"server":"https://ssl.gstatic.com:8888"},{"alternative_service":[{"advertised_alpns":[],"expiration":"9223372036854775807","port":443,"protocol_str":"quic"}],"anonymization":[],"server":"https://www.recaptcha.net:8888"},{"alternative_service":[{"advertised_alpns":["h3"],"expiration":"13381603105396255","port":443,"protocol_str":"quic"}],"anonymization":[],"server":"https://www.googleapis.com","supports_spdy":true}],"version":5}}}