SCOPE IDENTIFIER	OPT IN STATE	CHANNEL IMPORTANCE	BADGE	SOUND	ALERTS	CRITICAL ALERTS	TIME SENSITIVE	NOTIFICATION CENTER	DISPLAYED ON LOCK SCREEN	ACCEPTS SCHEDULED DELIVERY	LIVE ACTIVITY	LOCATION ALLOWED
device:00ac30071fc7ad641cc73f34b795dc85603a4509417aea35f0d9857b885906aa	ENABLED											
device:0f40972abae1ce88d064e5fca91206362e0a653614dd816ce1d1e66a7ca7341a	ENABLED											
device:2e588a11f0117e8c3596e0aa707b83db446ce8d6787706abde408f7f36adbcbb	ENABLED											
device:33b26241e8a0931111f800af6df031ac0cdc66b5ac4710a8e888bb45175f5cb4	ENABLED											
device:76fb5f02be206545bb3fcc875e189e21818edc2e38682026e3ef631dea48710c	ENABLED											
device:c39e88d4f4b10d21276dc9284b7c1ce6788040ff012fe3ef20c78f733720f65e	ENABLED											
