{"net":{"http_server_properties":{"broken_alternative_services":[{"anonymization":[],"broken_count":1,"host":"rr2---sn-xn5ucu-q0cz.gvt1.com","port":443,"protocol_str":"quic"},{"anonymization":[],"broken_count":1,"host":"rr1---sn-xn5ucu-q0cz.gvt1.com","port":443,"protocol_str":"quic"},{"anonymization":[],"broken_count":1,"host":"rr2---sn-xn5ucu-q0cs.gvt1.com","port":443,"protocol_str":"quic"},{"anonymization":[],"broken_count":1,"host":"rr2---sn-xn5ucu-q0cl.gvt1.com","port":443,"protocol_str":"quic"},{"anonymization":[],"broken_count":1,"host":"rr3---sn-xn5ucu-q0cz.gvt1.com","port":443,"protocol_str":"quic"},{"anonymization":[],"broken_count":1,"host":"rr1---sn-xn5ucu-q0cd.gvt1.com","port":443,"protocol_str":"quic"},{"anonymization":[],"broken_count":1,"host":"rr3---sn-xn5ucu-q0cl.gvt1.com","port":443,"protocol_str":"quic"},{"anonymization":[],"broken_count":1,"host":"rr2---sn-xn5ucu-q0c6.gvt1.com","port":443,"protocol_str":"quic"},{"anonymization":[],"broken_count":1,"host":"dl.google.com","port":443,"protocol_str":"quic"},{"anonymization":[],"broken_count":2,"host":"lh3.googleusercontent.com","port":443,"protocol_str":"quic"},{"anonymization":[],"broken_count":1,"host":"securitydomain-pa.googleapis.com","port":443,"protocol_str":"quic"},{"anonymization":[],"broken_count":1,"host":"notifications-pa.googleapis.com","port":443,"protocol_str":"quic"},{"anonymization":[],"broken_count":1,"host":"people-pa.googleapis.com","port":443,"protocol_str":"quic"},{"anonymization":[],"broken_count":1,"host":"deviceintegritytokens-pa.googleapis.com","port":443,"protocol_str":"quic"},{"anonymization":[],"broken_count":4,"host":"www.gstatic.com","port":443,"protocol_str":"quic"},{"anonymization":[],"broken_count":1,"host":"spot-pa.googleapis.com","port":443,"protocol_str":"quic"},{"anonymization":[],"broken_count":1,"host":"findmydevice-pa.googleapis.com","port":443,"protocol_str":"quic"},{"anonymization":[],"broken_count":2,"host":"safebrowsing.googleapis.com","port":443,"protocol_str":"quic"},{"anonymization":[],"broken_count":1,"host":"googleonebackup-pa.googleapis.com","port":443,"protocol_str":"quic"},{"anonymization":[],"broken_count":1,"host":"footprints-pa.googleapis.com","port":443,"protocol_str":"quic"},{"anonymization":[],"broken_count":5,"host":"www.googleapis.com","port":443,"protocol_str":"quic"},{"anonymization":[],"broken_count":10,"broken_until":"1734735561","host":"play.googleapis.com","port":443,"protocol_str":"quic"},{"anonymization":[],"broken_count":1,"host":"rr2---sn-xn5ucu-q0cd.gvt1.com","port":443,"protocol_str":"quic"},{"anonymization":[],"broken_count":1,"host":"googleads.g.doubleclick.net","port":443,"protocol_str":"quic"},{"anonymization":[],"broken_count":6,"broken_until":"1734608657","host":"firebaseperusertopics-pa.googleapis.com","port":443,"protocol_str":"quic"},{"anonymization":[],"broken_count":3,"broken_until":"1734600709","host":"region1.app-measurement.com","port":443,"protocol_str":"quic"},{"anonymization":[],"broken_count":3,"broken_until":"1734600709","host":"app-measurement.com","port":443,"protocol_str":"quic"}],"servers":[{"alternative_service":[{"advertised_alpns":["h3"],"expiration":"13381597458184471","port":443,"protocol_str":"quic"}],"anonymization":[],"server":"https://wallet.google.com","supports_spdy":true},{"anonymization":[],"server":"https://dl.google.com","supports_spdy":true},{"anonymization":[],"server":"https://people-pa.googleapis.com","supports_spdy":true},{"alternative_service":[{"advertised_alpns":["h3"],"expiration":"13381599605379933","port":443,"protocol_str":"quic"}],"anonymization":[],"server":"https://notifications-pa.googleapis.com","supports_spdy":true},{"anonymization":[],"server":"https://googleonebackup-pa.googleapis.com","supports_spdy":true},{"anonymization":[],"server":"https://footprints-pa.googleapis.com","supports_spdy":true},{"alternative_service":[{"advertised_alpns":["h3"],"expiration":"13381604762455929","port":443,"protocol_str":"quic"}],"anonymization":[],"server":"https://spot-pa.googleapis.com"},{"alternative_service":[{"advertised_alpns":["h3"],"expiration":"13381604762880138","port":443,"protocol_str":"quic"}],"anonymization":[],"server":"https://findmydevice-pa.googleapis.com"},{"alternative_service":[{"advertised_alpns":["h3"],"expiration":"13381617606635226","port":443,"protocol_str":"quic"}],"anonymization":[],"server":"https://safebrowsing.googleapis.com","supports_spdy":true},{"alternative_service":[{"advertised_alpns":["h3"],"expiration":"13381643018607922","port":443,"protocol_str":"quic"}],"anonymization":[],"server":"https://deviceintegritytokens-pa.googleapis.com","supports_spdy":true},{"anonymization":[],"server":"https://googleads.g.doubleclick.net","supports_spdy":true},{"alternative_service":[{"advertised_alpns":["h3"],"expiration":"13381603693155107","port":443,"protocol_str":"quic"}],"anonymization":[],"server":"https://play.googleapis.com","supports_spdy":true},{"alternative_service":[{"advertised_alpns":[],"expiration":"9223372036854775807","port":443,"protocol_str":"quic"}],"anonymization":[],"server":"https://www.gstatic.com","supports_spdy":true},{"alternative_service":[{"advertised_alpns":[],"expiration":"9223372036854775807","port":443,"protocol_str":"quic"}],"anonymization":[],"server":"https://ssl.gstatic.com"},{"anonymization":[],"server":"https://lh3.googleusercontent.com","supports_spdy":true},{"alternative_service":[{"advertised_alpns":[],"expiration":"9223372036854775807","port":443,"protocol_str":"quic"}],"anonymization":[],"server":"https://lh6.googleusercontent.com"},{"alternative_service":[{"advertised_alpns":[],"expiration":"9223372036854775807","port":443,"protocol_str":"quic"}],"anonymization":[],"server":"https://google.com"},{"alternative_service":[{"advertised_alpns":[],"expiration":"9223372036854775807","port":443,"protocol_str":"quic"}],"anonymization":[],"server":"https://sandbox.google.com"},{"alternative_service":[{"advertised_alpns":[],"expiration":"9223372036854775807","port":443,"protocol_str":"quic"}],"anonymization":[],"server":"https://support.google.com"},{"alternative_service":[{"advertised_alpns":[],"expiration":"9223372036854775807","port":443,"protocol_str":"quic"}],"anonymization":[],"server":"https://android-context-data.googleapis.com"},{"alternative_service":[{"advertised_alpns":[],"expiration":"9223372036854775807","port":443,"protocol_str":"quic"}],"anonymization":[],"server":"https://voilatile-pa.googleapis.com"},{"alternative_service":[{"advertised_alpns":[],"expiration":"9223372036854775807","port":443,"protocol_str":"quic"}],"anonymization":[],"server":"https://quake-pa.googleapis.com"},{"anonymization":[],"server":"https://www.googleapis.com","supports_spdy":true},{"alternative_service":[{"advertised_alpns":[],"expiration":"9223372036854775807","port":443,"protocol_str":"quic"}],"anonymization":[],"server":"https://tac.googleapis.com"},{"alternative_service":[{"advertised_alpns":[],"expiration":"9223372036854775807","port":443,"protocol_str":"quic"}],"anonymization":[],"server":"https://heterodyne.googleapis.com"},{"alternative_service":[{"advertised_alpns":[],"expiration":"9223372036854775807","port":443,"protocol_str":"quic"}],"anonymization":[],"server":"https://www.gstatic.com:8888"},{"alternative_service":[{"advertised_alpns":[],"expiration":"9223372036854775807","port":443,"protocol_str":"quic"}],"anonymization":[],"server":"https://ssl.gstatic.com:8888"},{"alternative_service":[{"advertised_alpns":[],"expiration":"9223372036854775807","port":443,"protocol_str":"quic"}],"anonymization":[],"server":"https://www.recaptcha.net:8888"},{"alternative_service":[{"advertised_alpns":["h3"],"expiration":"13381663684963539","port":443,"protocol_str":"quic"}],"anonymization":[],"server":"https://app-measurement.com","supports_spdy":true},{"alternative_service":[{"advertised_alpns":["h3"],"expiration":"13381663685083330","port":443,"protocol_str":"quic"}],"anonymization":[],"server":"https://region1.app-measurement.com","supports_spdy":true},{"alternative_service":[{"advertised_alpns":["h3"],"expiration":"13381663910959264","port":443,"protocol_str":"quic"}],"anonymization":[],"server":"https://firebaseperusertopics-pa.googleapis.com","supports_spdy":true}],"version":5}}}