<?xml version='1.0' encoding='utf-8' standalone='yes' ?>
<map>
    <long name="last-periodic-rebuild" value="1734534015100" />
    <int name="settings-version" value="7" />
    <string name="app_indexing_direct_mutation_allowlist">com.google.android.gms,com.google.android.videos,com.google.android.apps.messaging,com.google.android.settings.intelligence,com.google.android.deskclock,com.google.android.apps.wellbeing</string>
    <boolean name="using_downloaded_lang_id_model" value="true" />
    <string name="current-os-build-id">AP4A.241205.013</string>
    <string name="pkg-info-com.google.android.gm">Gi0KFWNvbS5nb29nbGUuYW5kcm9pZC5nbRCmh9T4BxgAIJiAxPgHKgAyADoAQgAgASojbGFzdC11&#10;cGRhdGUtMTczNDQzOTg3NzY0OC12ZXJzaW9uLTM4oLixpb0ySLCe+B5SKDM4OTE4QTQ1M0QwNzE5&#10;OTM1NEY4QjE5QUYwNUVDNjU2MkNFRDU3ODhYAQ==&#10;    </string>
    <boolean name="predefined-typeconfigs-update-in-progress" value="false" />
    <long name="last-maintenance" value="1734534015149" />
    <boolean name="unified-indexing-request-queue-status" value="true" />
    <string name="pkg-info-com.android.chrome">ChppbnN0YWxsLXRpbWUtMTczNDQzMDA2OTU4NiojbGFzdC11cGRhdGUtMTczNDU0MTIwMjcwNi12&#10;ZXJzaW9uLTNIge2awwJSKDM4OTE4QTQ1M0QwNzE5OTM1NEY4QjE5QUYwNUVDNjU2MkNFRDU3ODhg&#10;kJaZpL0y&#10;    </string>
    <boolean name="enabled-appdatasearch-corpora-with-whitelist" value="true" />
    <string name="pkg-info-com.google.android.apps.wellbeing">KiNsYXN0LXVwZGF0ZS0xNzM0NDM3NjU1OTY0LXZlcnNpb24tM0iJlylSKDRFQkREMDIzODBGMUZB&#10;MEI2NzQxNDkxRjBBRjM1NjI1REJBNzZFOUZg+Y2wpL0y&#10;    </string>
    <string name="gmscore-info">CmYKFmNvbS5nb29nbGUuYW5kcm9pZC5nbXMQjqTU+AcYjaTU+Acg+5ag+AcqGmFuZHJvaWQuaW50&#10;ZW50LmFjdGlvbi5NQUlOMgA6AEIaaW50ZXJuYWwuM3A6TXVzaWNSZWNvcmRpbmcKUAoWY29tLmdv&#10;b2dsZS5hbmRyb2lkLmdtcxCIpNT4BxiHpNT4ByCdl6D4ByoaYW5kcm9pZC5pbnRlbnQuYWN0aW9u&#10;Lk1BSU4yADoAQgRhcHBzCmcKFmNvbS5nb29nbGUuYW5kcm9pZC5nbXMQjKTU+AcYi6TU+Acg+JWg&#10;+AcqGmFuZHJvaWQuaW50ZW50LmFjdGlvbi5NQUlOMgA6AEIbaW50ZXJuYWwuM3A6RGlnaXRhbERv&#10;Y3VtZW50CmIKFmNvbS5nb29nbGUuYW5kcm9pZC5nbXMQkKTU+AcYj6TU+AcguJag+AcqGmFuZHJv&#10;aWQuaW50ZW50LmFjdGlvbi5NQUlOMgA6AEIWaW50ZXJuYWwuM3A6UGhvdG9ncmFwaApfChZjb20u&#10;Z29vZ2xlLmFuZHJvaWQuZ21zEIqk1PgHGImk1PgHINGVoPgHKhphbmRyb2lkLmludGVudC5hY3Rp&#10;b24uTUFJTjIAOgBCE2ludGVybmFsLjNwOkNvbnRhY3QKXwoWY29tLmdvb2dsZS5hbmRyb2lkLmdt&#10;cxCKpNT4BxiJpNT4ByDRlaD4ByoaYW5kcm9pZC5pbnRlbnQuYWN0aW9uLk1BSU4yADoAQhNjb250&#10;YWN0c19jb250YWN0X2lkCmkKFmNvbS5nb29nbGUuYW5kcm9pZC5nbXMQiKTU+AcYh6TU+AcgnZeg&#10;+AcqGmFuZHJvaWQuaW50ZW50LmFjdGlvbi5NQUlOMgA6AEIdaW50ZXJuYWwuM3A6TW9iaWxlQXBw&#10;bGljYXRpb24QABAAEAAQABAAEAAQAA==&#10;    </string>
    <string name="request-queue-whitelist">com.google.android.gms,com.lge.music,com.google.android.apps.messaging,com.google.android.gm,com.google.android.youtube,com.android.chrome,com.wishabi.flipp,com.railyatri.in.mobile,ru.sberbankmobile,com.google.android.videos</string>
    <string name="app-params"></string>
    <string name="pkg-info-com.google.android.apps.maps">KiNsYXN0LXVwZGF0ZS0xNzM0NDM4ODYwOTczLXZlcnNpb24tM0ip65b9A1IoMzg5MThBNDUzRDA3&#10;MTk5MzU0RjhCMTlBRjA1RUM2NTYyQ0VENTc4OGDZlvWivTI=&#10;    </string>
    <int name="index-version" value="63" />
    <string name="pkg-info-com.google.android.videos">KiNsYXN0LXVwZGF0ZS0xNzM0NDM4NjYwMTQwLXZlcnNpb24tM0jXuLvRAVIoMjRCQjI0QzA1RTQ3&#10;RTBBRUZBNjhBNThBNzY2MTc5RDlCNjEzQTYwMGCMl/WivTI=&#10;    </string>
    <string name="pkg-info-com.google.android.apps.messaging">ChppbnN0YWxsLXRpbWUtMTczNDQzMDA2OTI1Nxo5CiFjb20uZ29vZ2xlLmFuZHJvaWQuYXBwcy5t&#10;ZXNzYWdpbmcQ5YHU+AcYACCAgMT4ByoAMgA6AEIAIAEqI2xhc3QtdXBkYXRlLTE3MzQ1NDE2MTUz&#10;MzctdmVyc2lvbi0zMAE41+zy1b0ySPftjX1SKDA5ODBBMTJCRTk5MzUyOEMxOTEwN0JDMjFBRDgx&#10;MTQ3OEM2M0NFRkNgsbSDpb0y&#10;    </string>
    <string name="pkg-info-com.google.android.deskclock">ChppbnN0YWxsLXRpbWUtMTczNDQzMDA2OTYzMxo0Chxjb20uZ29vZ2xlLmFuZHJvaWQuZGVza2Ns&#10;b2NrEMOD0PgHGAAggIDE+AcqADIAOgBCACABKiNsYXN0LXVwZGF0ZS0xNzM0NDM4ODE5Nzc1LXZl&#10;cnNpb24tMzABONjA8KS9MkiDhJ8kUigzODkxOEE0NTNEMDcxOTkzNTRGOEIxOUFGMDVFQzY1NjJD&#10;RUQ1Nzg4YK/x9aS9Mg==&#10;    </string>
    <string name="instance-id">ff81f055-f2d6-4ff4-8c1c-680d9ee3dad3</string>
    <string name="pkg-info-com.google.android.googlequicksearchbox">Gl0KJ2NvbS5nb29nbGUuYW5kcm9pZC5nb29nbGVxdWlja3NlYXJjaGJveBCPx9T4BxiOx9T4ByCQ&#10;gMT4ByoaYW5kcm9pZC5pbnRlbnQuYWN0aW9uLk1BSU4yADoAQgAgAiojbGFzdC11cGRhdGUtMTcz&#10;NDQzOTY0Mzc1MC12ZXJzaW9uLTMwATjm1KKlvTJIk6fejwFSKDM4OTE4QTQ1M0QwNzE5OTM1NEY4&#10;QjE5QUYwNUVDNjU2MkNFRDU3ODg=&#10;    </string>
    <boolean name="enabled-corpus-schema-store-as-ground-truth" value="false" />
    <boolean name="enable-patch-overlays" value="true" />
    <long name="app-params-last-update" value="1734534015626" />
    <string name="known-accounts">CiYKGGRvdWdsZWl0aDIzc2VwQGdtYWlsLmNvbRIKY29tLmdvb2dsZQ==&#10;    </string>
    <string name="pkg-info-com.google.android.settings.intelligence">ChppbnN0YWxsLXRpbWUtMTczNDQzMDA2OTIzNBpACihjb20uZ29vZ2xlLmFuZHJvaWQuc2V0dGlu&#10;Z3MuaW50ZWxsaWdlbmNlEMyA0PgHGAAggIDE+AcqADIAOgBCACABKiNsYXN0LXVwZGF0ZS0xNzM0&#10;NDM3NDc1MjMyLXZlcnNpb24tMzABOPyqqaS9MkiHsvncA1IoREQ1RkU5NzYwOUIzNjE1QUZBQTY0&#10;QzBGQjQxNDI3REIwNzE1MTA2NmDHzqikvTI=&#10;    </string>
    <string name="pkg-info-com.google.android.gms">ChppbnN0YWxsLXRpbWUtMTczNDQzMDA2OTM5ORouChZjb20uZ29vZ2xlLmFuZHJvaWQuZ21zELqA&#10;8PgHGAAgxIWg+AcqADIAOgBCACABKiNsYXN0LXVwZGF0ZS0xNzM0NDM1NTM4OTY1LXZlcnNpb24t&#10;MzABOIyO3KC9Mkjzz9l0UigzODkxOEE0NTNEMDcxOTkzNTRGOEIxOUFGMDVFQzY1NjJDRUQ1Nzg4&#10;    </string>
    <string name="pkg-info-com.google.android.apps.tips">KiNsYXN0LXVwZGF0ZS0xNzM0NDM5NzkzMjEyLXZlcnNpb24tM0ib1usYUihCRjVGMTRBQUY2Q0FE&#10;RDlCRjk1NEExNEQ2MUJFNzE0QkZBMDc4NTMwYJ7utKW9Mg==&#10;    </string>
</map>
