<?xml version='1.0' encoding='utf-8' standalone='yes' ?>
<map>
    <string name="corpuskey:0B103B9D515CB20E0F636D247F688F95C2509F34">CpQDCh5pbnRlcm5hbC4zcDpBbGFybV9jcm9zc19kZXZpY2USHGNvbS5nb29nbGUuYW5kcm9pZC5k&#10;ZXNrY2xvY2sibGNvbnRlbnQ6Ly9jb20uZ29vZ2xlLmFuZHJvaWQuZ21zLmljaW5nLmluZGV4YXBp&#10;Lz90eXBlPUFsYXJtX2Nyb3NzX2RldmljZSZjbGllbnQ9Y29tLmdvb2dsZS5hbmRyb2lkLmRlc2tj&#10;bG9jazIcCgt0aGluZ19wcm90bxAAGAQgASgAMgB4AIgBADIWCgRuYW1lEAEYACABKAEyAQB4AIgB&#10;ADIaCghrZXl3b3JkcxABGAAgASgBMgEAeACIAQAyGQoHbWVzc2FnZRABGAAgASgBMgEAeACIAQA6&#10;DAgAEgYSBBICCAEYADokCAMSHhIcChphbmRyb2lkLmludGVudC5hY3Rpb24uVklFVxgAOgoIBBIE&#10;EgIiABgAOgwICRIGEgQSAggAGABADkoBN1ABWJWu6Ia3kPXD+QFgAWgAcJTWotK9Mnie94Dqt4jm&#10;xBioAYDO2gMSIhoMCghpbmRleCBvaxACGhIKDmluZGV4LXRoaW5nIG9rEAI=&#10;    </string>
    <string name="corpuskey:A6525E50D23D0C30D9CCE919F385E53450B8C51F-13">CoEDCiJpbnRlcm5hbC4zcDpTdG9wd2F0Y2hfY3Jvc3NfZGV2aWNlEhxjb20uZ29vZ2xlLmFuZHJv&#10;aWQuZGVza2Nsb2NrInBjb250ZW50Oi8vY29tLmdvb2dsZS5hbmRyb2lkLmdtcy5pY2luZy5pbmRl&#10;eGFwaS8/dHlwZT1TdG9wd2F0Y2hfY3Jvc3NfZGV2aWNlJmNsaWVudD1jb20uZ29vZ2xlLmFuZHJv&#10;aWQuZGVza2Nsb2NrMhwKC3RoaW5nX3Byb3RvEAAYBCABKAAyAHgAiAEAMhYKBG5hbWUQARgAIAEo&#10;ATIBAHgAiAEAMhoKCGtleXdvcmRzEAEYACABKAEyAQB4AIgBADoMCAASBhIEEgIIARgAOiQIAxIe&#10;EhwKGmFuZHJvaWQuaW50ZW50LmFjdGlvbi5WSUVXGAA6CggEEgQSAiIAGAA6DAgJEgYSBBICCAAY&#10;AEANSgE3UAFYhPrI5+7Gz6XvAWABaABwo9ai0r0yeK7Suqf0svWrEqgBgM7aAxImGgwKCGluZGV4&#10;IG9rEAEaEgoOaW5kZXgtdGhpbmcgb2sQASACMAA=&#10;    </string>
    <string name="corpuskey:7200A99C8B37B6C0D0C54F277BFAD49CC4DA581A">CpcFChNjb250YWN0c19jb250YWN0X2lkEhZjb20uZ29vZ2xlLmFuZHJvaWQuZ21zIk5jb250ZW50&#10;Oi8vY29tLmdvb2dsZS5hbmRyb2lkLmdtcy5pY2luZy5wcm94eS9hcHBkYXRhc2VhcmNoL2NvbnRh&#10;Y3RzX2NvbnRhY3RfaWQyGwoKbG9va3VwX2tleRABGAAgASgAMgB4AIgBADIZCghpY29uX3VyaRAA&#10;GAAgASgAMgB4AIgBADIVCgRuYW1lEAEYACAFKAEyAHgAiAEAMh0KCmdpdmVubmFtZXMQARgAIBQo&#10;ATIAOAB4AIgBADIYCgVlbWFpbBAAGAIgAigAMgLChXgAiAEAMh0KCG5pY2tuYW1lEAEYACAPKAEy&#10;AsKFOAB4AIgBADIZCgZudW1iZXIQABgAIAEoADICwoV4AIgBADIaCgdhZGRyZXNzEAAYACABKAAy&#10;AsKFeACIAQAyHQoMcGhvbmV0aWNuYW1lEAEYACAKKAEyAHgAiAEAOhAIABIGEgQSAggCGJik1PgH&#10;OhQIARIKEggaBhBkGAEgDBiZpNT4BzpICAISPhI8EjoIASI2YW5kcm9pZC5yZXNvdXJjZTovL2Fu&#10;ZHJvaWQvZHJhd2FibGUvaWNfY29udGFjdF9waWN0dXJlGJWk1PgHOigIAxIeEhwKGmFuZHJvaWQu&#10;aW50ZW50LmFjdGlvbi5WSUVXGJ2k1PgHOkwIBBJCEjEKL2NvbnRlbnQ6Ly9jb20uYW5kcm9pZC5j&#10;b250YWN0cy9jb250YWN0cy9sb29rdXAvEgQSAggAEgMKAS8SAiIAGJek1PgHQAFKATFQAFjU+LuR&#10;/7rq/MQBYAJoAXCVkKijvTJ4mZGnt8/bicpJmgEGUGVyc29uqAEAEiIwAEIeMTczNDQzMDA5Njcz&#10;Ny02YThiNzQ1OWEzN2UzYTI4&#10;    </string>
    <string name="corpuskey:B6BC18D8BB2018B7DF01A6C995BA21FF3848D6AF-7">CrcDChFpbnRlcm5hbC4zcDpUaGluZxIoY29tLmdvb2dsZS5hbmRyb2lkLnNldHRpbmdzLmludGVs&#10;bGlnZW5jZSJrY29udGVudDovL2NvbS5nb29nbGUuYW5kcm9pZC5nbXMuaWNpbmcuaW5kZXhhcGkv&#10;P3R5cGU9VGhpbmcmY2xpZW50PWNvbS5nb29nbGUuYW5kcm9pZC5zZXR0aW5ncy5pbnRlbGxpZ2Vu&#10;Y2UyHAoLdGhpbmdfcHJvdG8QABgEIAEoADIAeACIAQAyFgoEbmFtZRABGAAgASgBMgEAeACIAQAy&#10;GgoIa2V5d29yZHMQARgAIAEoATIBAHgAiAEAMh8KDWFsdGVybmF0ZU5hbWUQARgAIAEoATIBAHgA&#10;iAEAMh0KC2lzUGFydE9mX2lkEAEYBSABKAAyAQB4AIgBADoMCAASBhIEEgIIARgAOiQIAxIeEhwK&#10;GmFuZHJvaWQuaW50ZW50LmFjdGlvbi5WSUVXGAA6CggEEgQSAiIAGAA6DAgJEgYSBBICCAAYAEAH&#10;SgE3UAFY0uux1bCG99O6AWABaABwntai0r0yeLDToPyKt8nTG6gBgM7aAxImGgwKCGluZGV4IG9r&#10;EBwaEgoOaW5kZXgtdGhpbmcgb2sQHCACMAA=&#10;    </string>
    <long name="created" value="1734430091489" />
    <string name="corpuskey:B07D417563515CFB8FBF035CF9225C9F47DFE400">CqICCg9wb3N0YWxzX2RhdGFfaWQSFmNvbS5nb29nbGUuYW5kcm9pZC5nbXMiSmNvbnRlbnQ6Ly9j&#10;b20uZ29vZ2xlLmFuZHJvaWQuZ21zLmljaW5nLnByb3h5L2FwcGRhdGFzZWFyY2gvcG9zdGFsc19k&#10;YXRhX2lkMhsKCmNvbnRhY3RfaWQQARgAIAEoADIAeACIAQAyFQoEdHlwZRABGAAgASgAMgB4AIgB&#10;ADIWCgVsYWJlbBABGAAgASgAMgB4AIgBADIVCgRkYXRhEAEYACABKAAyAHgAiAEAOhAIABIGEgQS&#10;AggAGJak1PgHQARKATFQAFjuyabMx7+j1j9gAmgAcJWQqKO9MniZ48ncnvSWgRqaAQxDb250YWN0&#10;UG9pbnSoAQASIjAAQh4xNzM0NDMwMDk2NzM5LTY4YWZkY2ZlZDAxNmM0Mjk=&#10;    </string>
    <string name="corpuskey:A6525E50D23D0C30D9CCE919F385E53450B8C51F-9">CoEDCiJpbnRlcm5hbC4zcDpTdG9wd2F0Y2hfY3Jvc3NfZGV2aWNlEhxjb20uZ29vZ2xlLmFuZHJv&#10;aWQuZGVza2Nsb2NrInBjb250ZW50Oi8vY29tLmdvb2dsZS5hbmRyb2lkLmdtcy5pY2luZy5pbmRl&#10;eGFwaS8/dHlwZT1TdG9wd2F0Y2hfY3Jvc3NfZGV2aWNlJmNsaWVudD1jb20uZ29vZ2xlLmFuZHJv&#10;aWQuZGVza2Nsb2NrMhwKC3RoaW5nX3Byb3RvEAAYBCABKAAyAHgAiAEAMhYKBG5hbWUQARgAIAEo&#10;ATIBAHgAiAEAMhoKCGtleXdvcmRzEAEYACABKAEyAQB4AIgBADoMCAASBhIEEgIIARgAOiQIAxIe&#10;EhwKGmFuZHJvaWQuaW50ZW50LmFjdGlvbi5WSUVXGAA6CggEEgQSAiIAGAA6DAgJEgYSBBICCAAY&#10;AEAJSgE3UAFYv9CylqeS5ebQAWABaABw3L6ppL0yeK7Suqf0svWrEqgBgM7aAxIkGgwKCGluZGV4&#10;IG9rEAEaEgoOaW5kZXgtdGhpbmcgb2sQASAC&#10;    </string>
    <string name="corpuskey:A6525E50D23D0C30D9CCE919F385E53450B8C51F-11">CoEDCiJpbnRlcm5hbC4zcDpTdG9wd2F0Y2hfY3Jvc3NfZGV2aWNlEhxjb20uZ29vZ2xlLmFuZHJv&#10;aWQuZGVza2Nsb2NrInBjb250ZW50Oi8vY29tLmdvb2dsZS5hbmRyb2lkLmdtcy5pY2luZy5pbmRl&#10;eGFwaS8/dHlwZT1TdG9wd2F0Y2hfY3Jvc3NfZGV2aWNlJmNsaWVudD1jb20uZ29vZ2xlLmFuZHJv&#10;aWQuZGVza2Nsb2NrMhwKC3RoaW5nX3Byb3RvEAAYBCABKAAyAHgAiAEAMhYKBG5hbWUQARgAIAEo&#10;ATIBAHgAiAEAMhoKCGtleXdvcmRzEAEYACABKAEyAQB4AIgBADoMCAASBhIEEgIIARgAOiQIAxIe&#10;EhwKGmFuZHJvaWQuaW50ZW50LmFjdGlvbi5WSUVXGAA6CggEEgQSAiIAGAA6DAgJEgYSBBICCAAY&#10;AEALSgE3UAFYnNW4u/6AqLilAWABaABw3L6ppL0yeK7Suqf0svWrEqgBgM7aAxIkGgwKCGluZGV4&#10;IG9rEAEaEgoOaW5kZXgtdGhpbmcgb2sQASAC&#10;    </string>
    <string name="corpuskey:7B26DE7EF9CB5D190F9D37484F81AC4F2CE7E5E6-6">CrsBCgdvbW5pYm94EhJjb20uYW5kcm9pZC5jaHJvbWUiImNvbnRlbnQ6Ly9jb20uYW5kcm9pZC5j&#10;aHJvbWUuaWNpbmcyFgoDdXJsEAEYAyABKAEyAGgBeACIAQAyGAoFdGl0bGUQARgAIAEoATIAaAJ4&#10;AIgBADIcCgtpbmRleGVkX3VybBAAGAAgASgAMgB4AIgBAEAGSgEyUABYrtfapN3SxbubAWACaABw&#10;0qbaoL0yeN6o0seXssDocKgBABIEIAIwAA==&#10;    </string>
    <string name="corpuskey:0B103B9D515CB20E0F636D247F688F95C2509F34-10">CpMDCh5pbnRlcm5hbC4zcDpBbGFybV9jcm9zc19kZXZpY2USHGNvbS5nb29nbGUuYW5kcm9pZC5k&#10;ZXNrY2xvY2sibGNvbnRlbnQ6Ly9jb20uZ29vZ2xlLmFuZHJvaWQuZ21zLmljaW5nLmluZGV4YXBp&#10;Lz90eXBlPUFsYXJtX2Nyb3NzX2RldmljZSZjbGllbnQ9Y29tLmdvb2dsZS5hbmRyb2lkLmRlc2tj&#10;bG9jazIcCgt0aGluZ19wcm90bxAAGAQgASgAMgB4AIgBADIWCgRuYW1lEAEYACABKAEyAQB4AIgB&#10;ADIaCghrZXl3b3JkcxABGAAgASgBMgEAeACIAQAyGQoHbWVzc2FnZRABGAAgASgBMgEAeACIAQA6&#10;DAgAEgYSBBICCAEYADokCAMSHhIcChphbmRyb2lkLmludGVudC5hY3Rpb24uVklFVxgAOgoIBBIE&#10;EgIiABgAOgwICRIGEgQSAggAGABACkoBN1ABWPae08eOyu/wMGABaABw9b2ppL0yeJ73gOq3iObE&#10;GKgBgM7aAxIkGgwKCGluZGV4IG9rEAIaEgoOaW5kZXgtdGhpbmcgb2sQAiAC&#10;    </string>
    <string name="corpuskey:0B103B9D515CB20E0F636D247F688F95C2509F34-12">CpMDCh5pbnRlcm5hbC4zcDpBbGFybV9jcm9zc19kZXZpY2USHGNvbS5nb29nbGUuYW5kcm9pZC5k&#10;ZXNrY2xvY2sibGNvbnRlbnQ6Ly9jb20uZ29vZ2xlLmFuZHJvaWQuZ21zLmljaW5nLmluZGV4YXBp&#10;Lz90eXBlPUFsYXJtX2Nyb3NzX2RldmljZSZjbGllbnQ9Y29tLmdvb2dsZS5hbmRyb2lkLmRlc2tj&#10;bG9jazIcCgt0aGluZ19wcm90bxAAGAQgASgAMgB4AIgBADIWCgRuYW1lEAEYACABKAEyAQB4AIgB&#10;ADIaCghrZXl3b3JkcxABGAAgASgBMgEAeACIAQAyGQoHbWVzc2FnZRABGAAgASgBMgEAeACIAQA6&#10;DAgAEgYSBBICCAEYADokCAMSHhIcChphbmRyb2lkLmludGVudC5hY3Rpb24uVklFVxgAOgoIBBIE&#10;EgIiABgAOgwICRIGEgQSAggAGABADEoBN1ABWMj0/5rGi7qof2ABaABwlNai0r0yeJ73gOq3iObE&#10;GKgBgM7aAxImGgwKCGluZGV4IG9rEAIaEgoOaW5kZXgtdGhpbmcgb2sQAiACMAA=&#10;    </string>
    <string name="corpuskey:A6525E50D23D0C30D9CCE919F385E53450B8C51F">CoEDCiJpbnRlcm5hbC4zcDpTdG9wd2F0Y2hfY3Jvc3NfZGV2aWNlEhxjb20uZ29vZ2xlLmFuZHJv&#10;aWQuZGVza2Nsb2NrInBjb250ZW50Oi8vY29tLmdvb2dsZS5hbmRyb2lkLmdtcy5pY2luZy5pbmRl&#10;eGFwaS8/dHlwZT1TdG9wd2F0Y2hfY3Jvc3NfZGV2aWNlJmNsaWVudD1jb20uZ29vZ2xlLmFuZHJv&#10;aWQuZGVza2Nsb2NrMhwKC3RoaW5nX3Byb3RvEAAYBCABKAAyAHgAiAEAMhYKBG5hbWUQARgAIAEo&#10;ATIBAHgAiAEAMhoKCGtleXdvcmRzEAEYACABKAEyAQB4AIgBADoMCAASBhIEEgIIARgAOiQIAxIe&#10;EhwKGmFuZHJvaWQuaW50ZW50LmFjdGlvbi5WSUVXGAA6CggEEgQSAiIAGAA6DAgJEgYSBBICCAAY&#10;AEAPSgE3UAFYj9fF+ZCrqfiUAWABaABwo9ai0r0yeK7Suqf0svWrEqgBgM7aAxIiGgwKCGluZGV4&#10;IG9rEAEaEgoOaW5kZXgtdGhpbmcgb2sQAQ==&#10;    </string>
    <string name="corpuskey:C073BB2A5D2726FB3E3BA216F27F6AA021B09557">CqMECgRhcHBzEhZjb20uZ29vZ2xlLmFuZHJvaWQuZ21zIjFjb250ZW50Oi8vY29tLmdvb2dsZS5h&#10;bmRyb2lkLmdtcy5pY2luZy5wcm94eS5hcHBzMhsKBG5hbWUQARgAID8oATIAWgRuYW1leACIAQAy&#10;GQoIaWNvbl91cmkQABgAIAEoADIAeACIAQAyHQoMcGFja2FnZV9uYW1lEAAYACABKAAyAHgAiAEA&#10;MhsKCmNsYXNzX25hbWUQABgAIAEoADIAeACIAQAyIwoSbGFzdF91cGRhdGVfbWlsbGlzEAAYACAB&#10;KAAyAHgAiAEAMiIKEGFkZGl0aW9uYWxfbmFtZXMQARgAIAEoATIBCngAiAEAOhAIABIGEgQSAggA&#10;GJSk1PgHOkYIAhI8EjoSOAgBIjRhbmRyb2lkLnJlc291cmNlOi8vYW5kcm9pZC9kcmF3YWJsZS9z&#10;eW1fZGVmX2FwcF9pY29uGJGk1PgHOigIAxIeEhwKGmFuZHJvaWQuaW50ZW50LmFjdGlvbi5NQUlO&#10;GJKk1PgHOkMIBBI5EiYKJGNvbnRlbnQ6Ly9hcHBsaWNhdGlvbnMvYXBwbGljYXRpb25zLxIEEgII&#10;AhIDCgEvEgQSAggDGJOk1PgHQABKATJQAFimnd2Kz+2jiSdgAmgBcJWQqKO9MnjS7pfn8d6BvDia&#10;ASBDcmVhdGl2ZVdvcmsvU29mdHdhcmVBcHBsaWNhdGlvbqgBABI4Gg0KCGluZGV4IG9rEO0BGhAK&#10;DHVzYWdlIHJlcG9ydBAmMABCEy1kdW1teS1pbmNhcm5hdGlvbi0=&#10;    </string>
    <string name="hmackey">99D5C6EFFD94AA926A0BEEDF94036DD725FEEB18</string>
    <string name="corpuskey:059DDF1FD51BBA1FFE7958F86E90CAFE7DB9A36E">CqECCg5lbWFpbHNfZGF0YV9pZBIWY29tLmdvb2dsZS5hbmRyb2lkLmdtcyJJY29udGVudDovL2Nv&#10;bS5nb29nbGUuYW5kcm9pZC5nbXMuaWNpbmcucHJveHkvYXBwZGF0YXNlYXJjaC9lbWFpbHNfZGF0&#10;YV9pZDIbCgpjb250YWN0X2lkEAEYACABKAAyAHgAiAEAMhUKBHR5cGUQARgAIAEoADIAeACIAQAy&#10;FgoFbGFiZWwQARgAIAEoADIAeACIAQAyFQoEZGF0YRABGAAgASgAMgB4AIgBADoQCAASBhIEEgII&#10;ABiWpNT4B0ACSgExUABYi+366OvDxeCiAWACaABwlZCoo70yeMDz6OGiofj/WZoBDENvbnRhY3RQ&#10;b2ludKgBABIiMABCHjE3MzQ0MzAwOTY3MzgtOWJlYTRkNjUzNjdlZjZlNQ==&#10;    </string>
    <string name="corpuskey:5FCE2D52BF7BD9B4C23A1EC726A4C1E98D63BBAA">CqwFChppbnRlcm5hbC4zcDpNZXNzYWdlX25vX2dzYRIhY29tLmdvb2dsZS5hbmRyb2lkLmFwcHMu&#10;bWVzc2FnaW5nIm1jb250ZW50Oi8vY29tLmdvb2dsZS5hbmRyb2lkLmdtcy5pY2luZy5pbmRleGFw&#10;aS8/dHlwZT1NZXNzYWdlX25vX2dzYSZjbGllbnQ9Y29tLmdvb2dsZS5hbmRyb2lkLmFwcHMubWVz&#10;c2FnaW5nMhwKC3RoaW5nX3Byb3RvEAAYBCABKAAyAHgAiAEAMhYKBG5hbWUQARgAIAEoATIBAHgA&#10;iAEAMhoKCGtleXdvcmRzEAEYACABKAEyAQB4AIgBADIWCgR0ZXh0EAEYACABKAEyAQB4AIgBADId&#10;CgtzZW5kZXJfbmFtZRABGAAgASgBMgEAeACIAQAyHgoMc2VuZGVyX2VtYWlsEAEYAiABKAEyAQB4&#10;AIgBADIgCg5yZWNpcGllbnRfbmFtZRABGAAgASgBMgEAeACIAQAyIQoPcmVjaXBpZW50X2VtYWls&#10;EAEYAiABKAEyAQB4AIgBADIoChZtZXNzYWdlQXR0YWNobWVudF9uYW1lEAEYACABKAEyAQB4AIgB&#10;ADIlChNyZWNpcGllbnRfdGVsZXBob25lEAEYACABKAEyAQB4AIgBADIiChBzZW5kZXJfdGVsZXBo&#10;b25lEAEYACABKAEyAQB4AIgBADIdCgtpc1BhcnRPZl9pZBABGAUgASgAMgEAeACIAQAyHgoMZGF0&#10;ZVJlY2VpdmVkEAEYBCABKAAyAQB4AYgBADIXCgVpbWFnZRABGAMgASgBMgEAeACIAQAyGAoGbGFi&#10;ZWxzEAEYBSABKAAyAQB4AIgBAEASSgE3UAFY7a6x94vxuaYMYAFoAHCsjZjUvTJ4k6mlwu+nlaAs&#10;qAEAEiIaDAoIaW5kZXggb2sQARoSCg5pbmRleC10aGluZyBvaxAB&#10;    </string>
    <string name="corpuskey:3D87BCFAD7DA8175CBA805C6F2C79FDB92AFE9AA">CqACCg5waG9uZXNfZGF0YV9pZBIWY29tLmdvb2dsZS5hbmRyb2lkLmdtcyJJY29udGVudDovL2Nv&#10;bS5nb29nbGUuYW5kcm9pZC5nbXMuaWNpbmcucHJveHkvYXBwZGF0YXNlYXJjaC9waG9uZXNfZGF0&#10;YV9pZDIbCgpjb250YWN0X2lkEAEYACABKAAyAHgAiAEAMhUKBHR5cGUQARgAIAEoADIAeACIAQAy&#10;FgoFbGFiZWwQARgAIAEoADIAeACIAQAyFQoEZGF0YRABGAAgASgAMgB4AIgBADoQCAASBhIEEgII&#10;ABiWpNT4B0ADSgExUABY0NKD/+6G2f5PYAJoAHCVkKijvTJ45tzLjOeD0uVJmgEMQ29udGFjdFBv&#10;aW50qAEAEiIwAEIeMTczNDQzMDA5NjczOS1kMWU0YjYzY2FkMmJiNGMz&#10;    </string>
    <string name="corpuskey:3DF11A5658947B6A970D72B9F0E7B168E4188CAE">CrMCCh9pbnRlcm5hbC4zcDpDb252ZXJzYXRpb25fbm9fZ3NhEiFjb20uZ29vZ2xlLmFuZHJvaWQu&#10;YXBwcy5tZXNzYWdpbmcicmNvbnRlbnQ6Ly9jb20uZ29vZ2xlLmFuZHJvaWQuZ21zLmljaW5nLmlu&#10;ZGV4YXBpLz90eXBlPUNvbnZlcnNhdGlvbl9ub19nc2EmY2xpZW50PWNvbS5nb29nbGUuYW5kcm9p&#10;ZC5hcHBzLm1lc3NhZ2luZzIcCgt0aGluZ19wcm90bxAAGAQgASgAMgB4AIgBADIWCgRuYW1lEAEY&#10;ACABKAEyAQB4AIgBADIaCghrZXl3b3JkcxABGAAgASgBMgEAeACIAQBAEUoBN1ABWL6Qsf6Z6Jqp&#10;N2ABaABwlfGW1L0yeM6f3ajRkJaJCKgBABIiGgwKCGluZGV4IG9rEAEaEgoOaW5kZXgtdGhpbmcg&#10;b2sQAQ==&#10;    </string>
    <string name="corpuskey:BFF538DF1F9441C2192DEA281CEB26B8CE7F9DA0">CogDCh1pbnRlcm5hbC4zcDpNb2JpbGVBcHBsaWNhdGlvbhIWY29tLmdvb2dsZS5hbmRyb2lkLmdt&#10;cyJlY29udGVudDovL2NvbS5nb29nbGUuYW5kcm9pZC5nbXMuaWNpbmcuaW5kZXhhcGkvP3R5cGU9&#10;TW9iaWxlQXBwbGljYXRpb24mY2xpZW50PWNvbS5nb29nbGUuYW5kcm9pZC5nbXMyHAoLdGhpbmdf&#10;cHJvdG8QABgEIAEoADIAeACIAQAyFgoEbmFtZRABGAAgPygBMgEAeACIAQAyGgoIa2V5d29yZHMQ&#10;ARgAID8oATIBAHgAiAEAMh8KDWFsdGVybmF0ZU5hbWUQARgAIAEoATIBAHgAiAEAOgwIABIGEgQS&#10;AggBGAA6JAgDEh4SHAoaYW5kcm9pZC5pbnRlbnQuYWN0aW9uLlZJRVcYADoKCAQSBBICIgAYADoM&#10;CAkSBhIEEgIIABgAQAVKATdQAFi//Z7d0IvVolJgAWgAcMLVotK9Mni795v/sMX8yDeoAQASNxoN&#10;CghpbmRleCBvaxD3AhoTCg5pbmRleC10aGluZyBvaxD3AjAAQg8zOTU1YTNkOTMwZmNlNjQ=&#10;    </string>
    <string name="corpuskey:0B103B9D515CB20E0F636D247F688F95C2509F34-8">CpQDCh5pbnRlcm5hbC4zcDpBbGFybV9jcm9zc19kZXZpY2USHGNvbS5nb29nbGUuYW5kcm9pZC5k&#10;ZXNrY2xvY2sibGNvbnRlbnQ6Ly9jb20uZ29vZ2xlLmFuZHJvaWQuZ21zLmljaW5nLmluZGV4YXBp&#10;Lz90eXBlPUFsYXJtX2Nyb3NzX2RldmljZSZjbGllbnQ9Y29tLmdvb2dsZS5hbmRyb2lkLmRlc2tj&#10;bG9jazIcCgt0aGluZ19wcm90bxAAGAQgASgAMgB4AIgBADIWCgRuYW1lEAEYACABKAEyAQB4AIgB&#10;ADIaCghrZXl3b3JkcxABGAAgASgBMgEAeACIAQAyGQoHbWVzc2FnZRABGAAgASgBMgEAeACIAQA6&#10;DAgAEgYSBBICCAEYADokCAMSHhIcChphbmRyb2lkLmludGVudC5hY3Rpb24uVklFVxgAOgoIBBIE&#10;EgIiABgAOgwICRIGEgQSAggAGABACEoBN1ABWI3Ri8SJ5oXsngFgAWgAcPW9qaS9Mnie94Dqt4jm&#10;xBioAYDO2gMSJBoMCghpbmRleCBvaxACGhIKDmluZGV4LXRoaW5nIG9rEAIgAg==&#10;    </string>
    <string name="corpuskey:B6BC18D8BB2018B7DF01A6C995BA21FF3848D6AF">CrYDChFpbnRlcm5hbC4zcDpUaGluZxIoY29tLmdvb2dsZS5hbmRyb2lkLnNldHRpbmdzLmludGVs&#10;bGlnZW5jZSJrY29udGVudDovL2NvbS5nb29nbGUuYW5kcm9pZC5nbXMuaWNpbmcuaW5kZXhhcGkv&#10;P3R5cGU9VGhpbmcmY2xpZW50PWNvbS5nb29nbGUuYW5kcm9pZC5zZXR0aW5ncy5pbnRlbGxpZ2Vu&#10;Y2UyHAoLdGhpbmdfcHJvdG8QABgEIAEoADIAeACIAQAyFgoEbmFtZRABGAAgASgBMgEAeACIAQAy&#10;GgoIa2V5d29yZHMQARgAIAEoATIBAHgAiAEAMh8KDWFsdGVybmF0ZU5hbWUQARgAIAEoATIBAHgA&#10;iAEAMh0KC2lzUGFydE9mX2lkEAEYBSABKAAyAQB4AIgBADoMCAASBhIEEgIIARgAOiQIAxIeEhwK&#10;GmFuZHJvaWQuaW50ZW50LmFjdGlvbi5WSUVXGAA6CggEEgQSAiIAGAA6DAgJEgYSBBICCAAYAEAQ&#10;SgE3UAFYi6vMpYODl5QjYAFoAHCe1qLSvTJ4sNOg/Iq3ydMbqAGAztoDEiIaDAoIaW5kZXggb2sQ&#10;HBoSCg5pbmRleC10aGluZyBvaxAc&#10;    </string>
</map>
