<?xml version='1.0' encoding='utf-8' standalone='yes' ?>
<map>
    <long name="com.google.android.apps.maps" value="1734430069623" />
    <long name="com.google.android.apps.wellbeing" value="1734430069157" />
    <long name="com.google.android.apps.pixel.dcservice" value="1734430069727" />
    <long name="com.google.android.setupwizard" value="1734430069274" />
    <long name="com.google.android.apps.privacy.wildlife" value="1734430069171" />
    <long name="com.google.android.apps.pixel.support" value="1734430069336" />
    <long name="com.google.android.apps.messaging" value="1734430069257" />
    <long name="com.google.android.apps.photos" value="1734430069540" />
    <long name="com.google.assistant.hubui" value="1734430069133" />
    <long name="com.google.android.apps.safetyhub" value="1734430069319" />
    <long name="com.google.android.apps.restore" value="1734430069391" />
    <long name="com.google.android.apps.docs" value="1734430069600" />
    <long name="com.google.android.apps.tips" value="1734430069344" />
    <long name="com.google.android.apps.weather" value="1734430069176" />
</map>
