<?xml version='1.0' encoding='utf-8' standalone='yes' ?>
<map>
    <long name="sites_visited_weekly_time" value="1734530145413" />
    <set name="related_sites_visited_weekly_set">
        <string>192373147</string>
    </set>
    <string name="origins_visited_date">12/18/24</string>
    <set name="origins_visited_set">
        <string>1169271134</string>
        <string>3544978147</string>
    </set>
    <set name="sites_visited_weekly_set">
        <string>0</string>
        <string>192373147</string>
    </set>
</map>
