<?xml version='1.0' encoding='utf-8' standalone='yes' ?>
<map>
    <string name="pref_sync_protocol_version">RemindersV5</string>
    <long name="snet_safe_browsing_last_update_time_ms_12" value="1734552006275" />
    <long name="snet_safe_browsing_last_update_time_ms_13" value="1734552006275" />
    <long name="snet_idle_mode_gcm_interval_ms" value="10800000" />
    <int name="snet_shared_uuid_reset_counter" value="0" />
    <long name="snet_safe_browsing_next_allowed_time_to_update_ms" value="1734553790686" />
    <long name="snet_safe_browsing_last_update_time_ms_15" value="1734552006275" />
    <long name="snet_safe_browsing_last_update_time_ms_4" value="1734552006275" />
    <int name="snet_safe_browsing_num_consecutive_update_errors" value="0" />
    <long name="snet_safe_browsing_last_update_time_ms_3" value="1734552006275" />
    <long name="snet_saved_wake_interval_ms" value="14400000" />
    <long name="snet_safe_browsing_last_update_time_ms_5" value="1734552006275" />
    <string name="snet_shared_uuid">da3acde8-7be9-4457-9f47-f05e266bf3a4</string>
    <long name="snet_safe_browsing_last_update_time_ms_1" value="1734552006275" />
    <boolean name="bg_startup_tracing" value="false" />
    <long name="snet_safe_browsing_last_update_time_ms" value="1734552006275" />
</map>
