<?xml version='1.0' encoding='utf-8' standalone='yes' ?>
<map>
    <long name="last_unlock" value="-1" />
    <boolean name="sticky_global_actions_flag" value="true" />
    <boolean name="tap_and_pay_enabled" value="true" />
    <boolean name="sticky_pay_module_availability_flag" value="true" />
    <long name="sticky_pay_module_availability_ttl" value="0" />
    <boolean name="nfc_support" value="true" />
    <boolean name="notification_setting_migration" value="true" />
    <boolean name="was_password_sufficient" value="false" />
    <boolean name="wallet_service_enabled" value="true" />
</map>
