<?xml version='1.0' encoding='utf-8' standalone='yes' ?>
<map>
    <long name="last_upload" value="1734598085087" />
    <long name="last_delete_stale" value="14080" />
    <long name="first_open_time" value="1734430090989" />
    <boolean name="has_been_opened" value="true" />
    <string name="health_monitor:value">2WP244738:Interrupted in onRunTask while uploading</string>
    <boolean name="allow_remote_dynamite" value="true" />
    <long name="health_monitor:start" value="1734534713773" />
    <long name="midnight_offset" value="18761842" />
    <long name="health_monitor:count" value="2" />
    <long name="last_upload_attempt" value="0" />
</map>
