<?xml version='1.0' encoding='utf-8' standalone='yes' ?>
<map>
    <int name="GCM_V" value="243333045" />
    <int name="groups_state" value="1" />
    <string name="sender">745476177629</string>
    <long name="reg_time" value="1734433083297" />
    <string name="accountList">dougleith23sep@gmail.com</string>
    <long name="groups_last_upload" value="1734531852940" />
    <string name="regId">dLnOzBULO0E:APA91bGhZgiAd4tqlCkNlXp80hH80C2fw2vKV3jfRRQtHheyfzklL7_GviFVpx2YMRRiO4morXywpBzFfFK4jhVo39qqQN9FujvofzqPnuBDXj2yrtBeMjM</string>
</map>
