<?xml version='1.0' encoding='utf-8' standalone='yes' ?>
<map>
    <boolean name="AppDoctorFeature__auto_recovery_process_background_entries" value="false" />
    <boolean name="AppDoctorFeature__enabled" value="true" />
    <boolean name="AppDoctorFeature__read_config_on_boot" value="true" />
    <string name="__phenotype_server_token">CAMSAA==</string>
    <boolean name="AppDoctorFeature__enable_crash_looping_on_logs" value="true" />
    <boolean name="AppDoctorFeature__auto_recovery_process_a_n_rs" value="false" />
    <boolean name="AppDoctorFeature__enable_app_doctor_error_listener" value="true" />
    <boolean name="AppDoctorFeature__limit_retry_attempts" value="true" />
    <boolean name="AppDoctorFeature__data_store_supports_injection" value="false" />
    <boolean name="AppDoctorFeature__expand_auto_recovery_to_system_packages" value="false" />
    <boolean name="AppDoctorFeature__update_looping_logs" value="true" />
    <boolean name="45663903" value="true" />
    <string name="__phenotype_snapshot_token"> com.google.android.gms.appdoctor 212 0 -812985973 com.google.android.gms.appdoctor -812985973 1 905 905 905</string>
    <string name="FixesFeature__config"></string>
    <long name="__phenotype_configuration_version" value="1734528300" />
    <boolean name="AppDoctorFeature__deprecate_untargeted_fixes" value="false" />
</map>
