<?xml version='1.0' encoding='utf-8' standalone='yes' ?>
<map>
    <string name="public_key">MFkwEwYHKoZIzj0CAQYIKoZIzj0DAQcDQgAEk1ykQD37CvJKeW+9F2vjB3xN/YNSCW07+wf/9KPixQbXe20NaZGL33L63i3YXHCpdM9yn3SljAoj9pxMIts9kQ==</string>
    <boolean name="device_consent" value="true" />
    <long name="last_consent_checked_timestamp_for_trigger_millis" value="1734011254363" />
    <long name="last_sync_with_server_time_millis" value="1734594454479" />
    <string name="droidguard_token">AeyxxlFCvthoRzuLztGZv2VT65gQqyZJeVStErP+C9L7wYvCDhjK3+aHAiZcHbvoD3tdp8xOzt+keP6Tic0=</string>
    <int name="device_consent_version" value="0" />
    <long name="raster_consent" value="1" />
    <boolean name="is_public_key_acked" value="false" />
    <long name="primary_device_id" value="4398254765149396568" />
    <string name="private_key">MIGHAgEAMBMGByqGSM49AgEGCCqGSM49AwEHBG0wawIBAQQgu1b9V4yYXy8Gp3Qgi6ZzCRhfpIMaL20jX4Y2zvbLx9ehRANCAASTXKRAPfsK8kp5b70Xa+MHfE39g1IJbTv7B//0o+LFBtd7bQ1pkYvfcvreLdhccKl0z3KfdKWMCiP2nEwi2z2R</string>
    <long name="next_sync_timestamp_in_millis" value="1734680855436" />
    <boolean name="checkers_active" value="true" />
    <string name="recent_get_consent_timestamps_in_seconds">1734594453</string>
    <long name="last_client_state_check_timestamp_millis" value="1734528584694" />
    <string name="recent_sync_timestamps_in_seconds">1734594454</string>
    <long name="last_consent_check_with_server_time_millis" value="1734594453380" />
    <boolean name="automatic_cost_setting" value="true" />
    <string name="inactive_sims"></string>
    <long name="previous_session_sync_timestamp_millis" value="1734537975521" />
    <string name="gcm_token">dLnOzBULO0E:APA91bGfHbKJ86mROtATPa9hyrFImchnNHHqNl8CzKH0rbMgJXR-SxCN5DFmE40UO6qX1kOfA1CoMKH_I2dEqOFmNAeD-6D0gpElqnqzmPJiy5pjw48CRpM</string>
    <long name="raster_consent_version" value="2" />
    <long name="constellation_consent" value="1" />
    <long name="droidguard_token_ttl" value="1735223064475" />
</map>
