<?xml version='1.0' encoding='utf-8' standalone='yes' ?>
<map>
    <string name="com.google.android.GoogleCamera">[TIMESTAMP]:1734595510700,[KV_SIZE]:0,[DRIVE_SIZE]:0,[G1_SIZE]:0</string>
    <string name="com.google.android.apps.wellbeing">[TIMESTAMP]:1734595532022,[KV_SIZE]:0,[DRIVE_SIZE]:0,[G1_SIZE]:0</string>
    <string name="com.google.android.apps.pixel.dcservice">[TIMESTAMP]:1734595538495,[KV_SIZE]:0,[DRIVE_SIZE]:0,[G1_SIZE]:0</string>
    <string name="android">[TIMESTAMP]:1734595504867,[KV_SIZE]:0,[DRIVE_SIZE]:0,[G1_SIZE]:0</string>
    <string name="com.google.android.gms">[TIMESTAMP]:1734595484905,[KV_SIZE]:0,[DRIVE_SIZE]:0,[G1_SIZE]:0</string>
    <string name="com.google.android.apps.messaging">[TIMESTAMP]:1734595521353,[KV_SIZE]:0,[DRIVE_SIZE]:0,[G1_SIZE]:0</string>
    <string name="com.google.android.settings.intelligence">[TIMESTAMP]:1734535161928,[KV_SIZE]:0,[DRIVE_SIZE]:46080,[G1_SIZE]:0</string>
    <string name="com.google.android.videos">[TIMESTAMP]:1734595512294,[KV_SIZE]:0,[DRIVE_SIZE]:0,[G1_SIZE]:0</string>
    <string name="com.google.android.googlequicksearchbox">[TIMESTAMP]:1734595518090,[KV_SIZE]:0,[DRIVE_SIZE]:0,[G1_SIZE]:0</string>
    <string name="com.google.android.flipendo">[TIMESTAMP]:1734534803103,[KV_SIZE]:0,[DRIVE_SIZE]:0,[G1_SIZE]:0</string>
    <string name="com.google.android.contacts">[TIMESTAMP]:1734595487537,[KV_SIZE]:0,[DRIVE_SIZE]:0,[G1_SIZE]:0</string>
    <string name="com.android.providers.settings">[TIMESTAMP]:1734595528717,[KV_SIZE]:0,[DRIVE_SIZE]:0,[G1_SIZE]:0</string>
    <string name="com.android.systemui">[TIMESTAMP]:1734534798133,[KV_SIZE]:0,[DRIVE_SIZE]:0,[G1_SIZE]:0</string>
    <string name="com.google.android.marvin.talkback">[TIMESTAMP]:1734594453453,[KV_SIZE]:0,[DRIVE_SIZE]:0,[G1_SIZE]:0</string>
    <string name="com.android.calllogbackup">[TIMESTAMP]:1734594454379,[KV_SIZE]:0,[DRIVE_SIZE]:0,[G1_SIZE]:0</string>
    <string name="com.google.audio.hearing.visualization.accessibility.scribe">[TIMESTAMP]:1734594455706,[KV_SIZE]:0,[DRIVE_SIZE]:0,[G1_SIZE]:0</string>
    <string name="com.google.android.cellbroadcastreceiver">[TIMESTAMP]:1734594457304,[KV_SIZE]:0,[DRIVE_SIZE]:0,[G1_SIZE]:0</string>
    <string name="com.android.providers.telephony">[TIMESTAMP]:1734595541828,[KV_SIZE]:0,[DRIVE_SIZE]:4608,[G1_SIZE]:0</string>
    <string name="com.google.android.documentsui">[TIMESTAMP]:1734594458944,[KV_SIZE]:0,[DRIVE_SIZE]:0,[G1_SIZE]:0</string>
    <string name="com.android.vending">[TIMESTAMP]:1734595498415,[KV_SIZE]:0,[DRIVE_SIZE]:0,[G1_SIZE]:0</string>
    <string name="com.google.android.deskclock">[TIMESTAMP]:1734534791626,[KV_SIZE]:0,[DRIVE_SIZE]:0,[G1_SIZE]:0</string>
    <string name="com.google.android.apps.privacy.wildlife">[TIMESTAMP]:1734535160288,[KV_SIZE]:0,[DRIVE_SIZE]:176128,[G1_SIZE]:0</string>
    <string name="com.google.android.apps.nbu.files">[TIMESTAMP]:1734534699835,[KV_SIZE]:0,[DRIVE_SIZE]:0,[G1_SIZE]:0</string>
    <string name="com.android.wallpaperbackup">[TIMESTAMP]:1734595544279,[KV_SIZE]:0,[DRIVE_SIZE]:13312,[G1_SIZE]:0</string>
    <string name="com.android.chrome">[TIMESTAMP]:1734534752263,[KV_SIZE]:0,[DRIVE_SIZE]:0,[G1_SIZE]:0</string>
    <string name="com.google.android.apps.wallpaper">[TIMESTAMP]:1734534702291,[KV_SIZE]:0,[DRIVE_SIZE]:0,[G1_SIZE]:0</string>
    <string name="com.google.android.apps.photos">[TIMESTAMP]:1734595495649,[KV_SIZE]:0,[DRIVE_SIZE]:0,[G1_SIZE]:0</string>
    <string name="com.google.android.dialer">[TIMESTAMP]:1734595507408,[KV_SIZE]:0,[DRIVE_SIZE]:0,[G1_SIZE]:0</string>
    <string name="com.google.android.apps.nexuslauncher">[TIMESTAMP]:1734535175035,[KV_SIZE]:0,[DRIVE_SIZE]:110592,[G1_SIZE]:0</string>
    <string name="com.google.android.gm">[TIMESTAMP]:1734534717914,[KV_SIZE]:0,[DRIVE_SIZE]:0,[G1_SIZE]:0</string>
    <string name="com.android.nfc">[TIMESTAMP]:1734534780117,[KV_SIZE]:0,[DRIVE_SIZE]:0,[G1_SIZE]:0</string>
    <string name="com.google.android.apps.docs">[TIMESTAMP]:1734534816984,[KV_SIZE]:0,[DRIVE_SIZE]:0,[G1_SIZE]:0</string>
    <string name="com.google.android.inputmethod.latin">[TIMESTAMP]:1734595535282,[KV_SIZE]:0,[DRIVE_SIZE]:0,[G1_SIZE]:0</string>
    <string name="com.google.pixel.livewallpaper">[TIMESTAMP]:1734535112780,[KV_SIZE]:0,[DRIVE_SIZE]:0,[G1_SIZE]:0</string>
    <string name="com.android.settings">[TIMESTAMP]:1734595492668,[KV_SIZE]:0,[DRIVE_SIZE]:0,[G1_SIZE]:0</string>
    <string name="@pm@">[TIMESTAMP]:1734594441946,[KV_SIZE]:0,[DRIVE_SIZE]:0,[G1_SIZE]:0</string>
    <string name="com.google.android.apps.weather">[TIMESTAMP]:1734595490478,[KV_SIZE]:0,[DRIVE_SIZE]:0,[G1_SIZE]:0</string>
    <string name="com.google.android.apps.emojiwallpaper">[TIMESTAMP]:1734595514811,[KV_SIZE]:0,[DRIVE_SIZE]:0,[G1_SIZE]:0</string>
    <string name="com.google.android.calendar">[TIMESTAMP]:1734595524628,[KV_SIZE]:0,[DRIVE_SIZE]:0,[G1_SIZE]:0</string>
</map>
