<?xml version='1.0' encoding='utf-8' standalone='yes' ?>
<map>
    <int name="focus_synced_contacts_count_in_first_full_sync_dougleith23sep@gmail.com" value="0" />
    <string name="focus_account_initial_sync_progress_ever_shown_in_portal">dougleith23sep@gmail.com</string>
    <boolean name="backup_and_sync_opt_in_validator_enabled" value="true" />
    <int name="ongoing_sync_status_item_count_dougleith23sep@gmail.com_com.android.contacts" value="0" />
    <int name="focus_total_cancel_count_since_page_size_change_or_success_dougleith23sep@gmail.com" value="0" />
    <int name="focus_continuous_cancel_count_since_page_size_change_dougleith23sep@gmail.com" value="0" />
    <boolean name="force_verbose_log" value="false" />
    <int name="ongoing_sync_status_code_dougleith23sep@gmail.com_com.android.contacts" value="5" />
    <boolean name="deleted_null_contacts_cleanup_persisted" value="true" />
    <boolean name="deleted_null_contacts_cleanup_use_flex" value="false" />
    <long name="deleted_null_contacts_cleanup_periodic_interval_seconds" value="86400" />
    <boolean name="backup_and_sync_opt_in_validator_use_flex" value="false" />
    <int name="ongoing_sync_status_synced_item_count_dougleith23sep@gmail.com_com.android.contacts" value="0" />
    <long name="backup_and_sync_opt_in_validator_flex_seconds" value="600" />
    <boolean name="backup_and_sync_opt_in_validator_requires_charging" value="true" />
    <long name="deleted_null_contacts_cleanup_last_run_timestamp" value="1734534015385" />
    <long name="focus_first_full_sync_initial_timestamp_dougleith23sep@gmail.com" value="1734531852204" />
    <int name="focus_first_full_sync_failed_times_dougleith23sep@gmail.com" value="0" />
    <int name="focus_last_sync_entry_point_type_dougleith23sep@gmail.com" value="2" />
    <int name="ongoing_sync_status_total_item_count_dougleith23sep@gmail.com_com.android.contacts" value="0" />
    <string name="ongoing_sync_status_message_dougleith23sep@gmail.com_com.android.contacts"></string>
    <long name="backup_and_sync_opt_in_validator_periodic_interval_seconds" value="86400" />
    <long name="focus_first_full_sync_status_last_log_timestamp_dougleith23sep@gmail.com" value="1734531863072" />
    <int name="ongoing_sync_status_data_type_dougleith23sep@gmail.com_com.android.contacts" value="0" />
    <boolean name="deleted_null_contacts_cleanup_enabled" value="true" />
    <int name="focus_sync_backoff_sec_dougleith23sep@gmail.com" value="0" />
    <boolean name="backup_and_sync_opt_in_validator_persisted" value="true" />
    <long name="focus_first_full_sync_finish_timestamp_dougleith23sep@gmail.com" value="1734531863071" />
    <boolean name="backup_and_sync_opt_in_validator_requires_device_idle" value="false" />
    <long name="focus_sync_permission_denied_notify_time" value="0" />
    <long name="focus_first_full_sync_start_timestamp_dougleith23sep@gmail.com" value="1734531853127" />
    <boolean name="deleted_null_contacts_cleanup_requires_charging" value="true" />
    <long name="deleted_null_contacts_cleanup_flex_seconds" value="600" />
    <long name="last_sync_finish_time_millis_dougleith23sep@gmail.com_com.android.contacts" value="1734531863153" />
    <int name="focus_sync_same_failures_dougleith23sep@gmail.com" value="0" />
    <int name="focus_sync_failure_reason_dougleith23sep@gmail.com" value="9" />
    <int name="focus_sync_failures_dougleith23sep@gmail.com" value="0" />
    <string name="sync_status_message_dougleith23sep@gmail.com_com.android.contacts">Sync succeeded.</string>
    <int name="sync_status_code_dougleith23sep@gmail.com_com.android.contacts" value="1" />
    <boolean name="focus_sync_write_cp2_per_each_contact_dougleith23sep@gmail.com" value="false" />
    <int name="ongoing_sync_status_stage_dougleith23sep@gmail.com_com.android.contacts" value="0" />
    <boolean name="deleted_null_contacts_cleanup_requires_device_idle" value="false" />
    <int name="focus_first_full_sync_status_dougleith23sep@gmail.com" value="3" />
</map>
