<?xml version='1.0' encoding='utf-8' standalone='yes' ?>
<map>
    <string name="372e21d7f8d6bc0b65f4d02005927591b3b85c49|0">Ih5kYXRhZG93bmxvYWRmaWxlXzE3MzQ0MzMwOTkyMzcoBA</string>
    <string name="23c7115c941f5f72f1fbd2beef2042cb5289b385|0">Ih5kYXRhZG93bmxvYWRmaWxlXzE3MzQ0MzMwOTkyNDYoBA</string>
    <string name="b93c4b838de96de51ff316e409e7840495bdf94a|0">Ih5kYXRhZG93bmxvYWRmaWxlXzE3MzQ0MzMwOTkyMjQoBA</string>
    <string name="a7e823dd7c331b3ba8e4e8a6b3282c2e01937c52|1">Ih5kYXRhZG93bmxvYWRmaWxlXzE3MzQ0MzMwOTkyNTAoBA</string>
    <string name="b2c4ff614afa59f1876318299479411b44fd1c9a|0">Ih5kYXRhZG93bmxvYWRmaWxlXzE3MzQ0MzMwOTkyMjgoBA</string>
    <string name="44cca5f8ed2bb6be4df282f8769de4e9ba1f1227|0">Ih5kYXRhZG93bmxvYWRmaWxlXzE3MzQ0MzMwOTkyMzMoBA</string>
    <string name="5c901e84b5e6665d4555f2cb1997308c4d6dd728|0">Ih5kYXRhZG93bmxvYWRmaWxlXzE3MzQ0MzMwOTkyMzQoBA</string>
    <string name="2f01619043c593dd3bf8dd238c4b58c99d1414d8|0">Ih5kYXRhZG93bmxvYWRmaWxlXzE3MzQ0MzMwOTkyMjIoBA</string>
    <string name="233e4f2688a422cd0e234fadef71ffb0645017ce|0">Ih5kYXRhZG93bmxvYWRmaWxlXzE3MzQ0MzMwOTkyNDAoBA</string>
    <string name="965a7a02129890e602a150e413af5fea1249ec6e|0">Ih5kYXRhZG93bmxvYWRmaWxlXzE3MzQ0MzMwOTkyMjkoBA</string>
    <string name="cd7118b377ddeef30ca7f9e2664827a8b90cbe5f|0">Ih5kYXRhZG93bmxvYWRmaWxlXzE3MzQ0MzMwOTkyMzIoBA</string>
    <string name="7dda268bae560f8042ade6cb218fea7666553f6e|0">Ih5kYXRhZG93bmxvYWRmaWxlXzE3MzQ0MzMwOTkyMzYoBA</string>
    <string name="64d6f5c9988cdd4764ec9892510e594217588ccf|0">Ih5kYXRhZG93bmxvYWRmaWxlXzE3MzQ0MzMwOTkyMzkoBA</string>
    <string name="3268675a7103ab915dc86d7ee0fbbe50e55c128e|0">Ih5kYXRhZG93bmxvYWRmaWxlXzE3MzQ0MzMwOTkyMjMoBA</string>
    <string name="c98e31b91760fd7c24e806717a562a77923e22d9|0">Ih5kYXRhZG93bmxvYWRmaWxlXzE3MzQ0MzMwOTkyMjcoBA</string>
    <string name="d72837a1d61639279754253409c0a528e10bc931|0">Ih5kYXRhZG93bmxvYWRmaWxlXzE3MzQ0MzMwOTkyNDMoBA</string>
    <string name="a000c0316a83dd3156ad84713d7035be0131c889|0">Ih5kYXRhZG93bmxvYWRmaWxlXzE3MzQ0MzMwOTkyNDcoBA</string>
    <string name="e7fd8525159020f5fee8d05f1cfec1f6c3acefef|0">Ih5kYXRhZG93bmxvYWRmaWxlXzE3MzQ0MzMwOTkyMzEoBA</string>
    <string name="9a4c0a7bdb8b94440cfd79068430c5ed086b3007|0">Ih5kYXRhZG93bmxvYWRmaWxlXzE3MzQ0MzMwOTkyNDQoBA</string>
    <string name="78c2b04993ba6899431433ddfceec57be1d19bc2|0">Ih5kYXRhZG93bmxvYWRmaWxlXzE3MzQ0MzMwOTkyMzUoBA</string>
    <string name="190165d09c04b8fe2ae8267866d20744a98466d1|0">Ih5kYXRhZG93bmxvYWRmaWxlXzE3MzQ0MzMwOTkyNDUoBA</string>
    <string name="ca419e389070f2860fd65a1d2eca3e2228a3deb3|0">Ih5kYXRhZG93bmxvYWRmaWxlXzE3MzQ0MzMwOTkyNDEoBA</string>
    <string name="cb1230b7abb8c56fdfed0eef1056db2fd21c82c3|0">Ih5kYXRhZG93bmxvYWRmaWxlXzE3MzQ0MzMwOTkyNDgoBA</string>
    <string name="159c5a15146a446ffba144c8b2e05c9b5969bd91|0">Ih5kYXRhZG93bmxvYWRmaWxlXzE3MzQ0MzMwOTkyMjYoBA</string>
    <string name="77131aead2aaccfed2913fa59b979422b5a2a06e|1">Ih5kYXRhZG93bmxvYWRmaWxlXzE3MzQ0MzMwOTkyNDkoBA</string>
    <string name="11a7c74480c8b56486963ba6b9ef4cac4ef8117c|0">Ih5kYXRhZG93bmxvYWRmaWxlXzE3MzQ0MzMwOTkyNDIoBA</string>
    <string name="31b497ac2bbb2d7b119fb7b1e47625753c78762d|0">Ih5kYXRhZG93bmxvYWRmaWxlXzE3MzQ0MzMwOTkyMjUoBA</string>
    <string name="6f8c5b387855207e03c9672f03d9bfc8f45845f8|0">Ih5kYXRhZG93bmxvYWRmaWxlXzE3MzQ0MzMwOTkyMzgoBA</string>
    <string name="f5ab02be3e7c3ca6a14623da98bc5a0e42666955|0">Ih5kYXRhZG93bmxvYWRmaWxlXzE3MzQ0MzMwOTkyMzAoBA</string>
</map>
