<?xml version='1.0' encoding='utf-8' standalone='yes' ?>
<map>
    <string name="rollback_boot.snapshotToken1"> com.google.android.platform.rollback_boot 244738000 0 0 com.google.android.platform.rollback_boot 0 0 1493 1493 1493</string>
    <string name="surface_flinger_native_boot.snapshotToken1"> com.google.android.platform.surface_flinger_native_boot 244738000 0 761988401 com.google.android.platform.surface_flinger_native_boot 761988401 0 1508 1508 1508</string>
    <string name="activity_manager_native_boot.snapshotToken1"> com.google.android.platform.activity_manager_native_boot 244738000 0 1405786321 com.google.android.platform.activity_manager_native_boot 1405786321 0 1401 1401 1401</string>
    <string name="profcollect_native_boot.snapshotToken1"> com.google.android.platform.profcollect_native_boot 244738000 0 0 com.google.android.platform.profcollect_native_boot 0 0 1488 1488 1488</string>
    <string name="statsd_java_boot.snapshotToken1"> com.google.android.platform.statsd_java_boot 350911020 0 0 com.google.android.platform.statsd_java_boot 0 0 1504 1504 1504</string>
    <string name="_boot_snapshotToken1"> com.google.android.gms.settings.platform.boot 244738000 0 0 com.google.android.gms.settings.platform.boot 0 1 1069 1069 1069</string>
    <string name="snapshotToken1"> com.google.android.gms.settings.platform 244738000 0 1214607146 com.google.android.gms.settings.platform 1214607146 1 1068 1068 1068</string>
    <string name="storage_native_boot.snapshotToken1"> com.google.android.platform.storage_native_boot 244738000 0 282194290 com.google.android.platform.storage_native_boot 282194290 0 1507 1507 1507</string>
    <string name="window_manager_native_boot.snapshotToken1"> com.google.android.platform.window_manager_native_boot 244738000 0 0 com.google.android.platform.window_manager_native_boot 0 0 1537 1537 1537</string>
    <string name="input_native_boot.snapshotToken1"> com.google.android.platform.input_native_boot 244738000 0 427374121 com.google.android.platform.input_native_boot 427374121 0 1453 1453 1453</string>
    <string name="runtime_native_boot.snapshotToken1"> com.google.android.platform.runtime_native_boot 350913380 0 308999211 com.google.android.platform.runtime_native_boot 308999211 0 1497 1497 1497</string>
    <string name="shared_native_boot.snapshotToken1"> com.google.android.platform.shared_native_boot 244738000 0 0 com.google.android.platform.shared_native_boot 0 0 1502 1502 1502</string>
    <string name="_boot_hash">247715873</string>
    <string name="statsd_native_boot.snapshotToken1"> com.google.android.platform.statsd_native_boot 350911020 0 -162939394 com.google.android.platform.statsd_native_boot -162939394 0 1506 1506 1506</string>
    <string name="vendor_system_native_boot.snapshotToken1"> com.google.android.platform.vendor_system_native_boot 244738000 0 1732137726 com.google.android.platform.vendor_system_native_boot 1732137726 0 1526 1526 1526</string>
    <string name="hash">1067460666</string>
</map>
