<?xml version='1.0' encoding='utf-8' standalone='yes' ?>
<map>
    <string name="log_metadata175721243">ChUIrPHUFBCcrsXovTIYkQ8oADACOAAKFAiqzhIQmYuD1L0yGMswKAAwATgAChUIt//6MBCksO7S&#10;vTIYh18oADAEOAAKFQij3ZgcEJGOjL69MhiXDygAMAM4AAoVCOTZ8gYQ0YrmqL0yGPo4KAAwAjgA&#10;ChUI2/LFARDIo7mjvTIYwSEoADABOAA=&#10;    </string>
    <long name="LAST_REPORT_TIME" value="3822936565" />
    <set name="SENT_CONFIGS">
        <string>175713611</string>
        <string>175713051</string>
        <string>175721243</string>
        <string>175747355</string>
        <string>175729435</string>
    </set>
    <set name="KEEP_UID_MAP_CONFIGS">
        <string>175713051</string>
        <string>175721243</string>
        <string>175747355</string>
        <string>175729435</string>
    </set>
    <string name="log_metadata175729435">ChoI6fHUFBDZrsXovTIY3JMCKAAwAjimq77PAgoZCN3QEhDNjYPUvTIYnp0DKAAwATimq77PAgoa&#10;CPr/+jAQ6LDu0r0yGLO5AigAMAQ4koX7pwcKGgjJ3ZgcELeOjL69MhiZ/QEoADADOJKF+6cHChoI&#10;hNryBhDyiuaovTIY1N4BKAAwAjiShfunBwoaCJXyxQEQg6O5o70yGOeHAygAMAE4koX7pwc=&#10;    </string>
    <string name="log_metadata175713051">ChoIkPHUFBCArsXovTIYytUFKAAwAzimq77PAgoaCIqy6RIQ+u7Z5r0yGMfxGigAMAI4pqu+zwIK&#10;GQie0BIQjo2D1L0yGOWtHSgAMAE4pqu+zwIKGgiF//owEPOv7tK9MhjkzQUoADAHOJKF+6cHChoI&#10;05HILhDBwrvQvTIYg6QmKAAwBjiShfunBwoaCIbdmBwQ842Mvr0yGPuMDygAMAU4koX7pwcKGgjU&#10;2fIGEMGK5qi9MhjLkgwoADAEOJKF+6cHChoIhPTEARDxpLijvTIYsJoOKAAwAziShfunBwoZCOCQ&#10;IxDOwZaivTIYiqoEKAAwAjiShfunBwoZCJGbBRD+y/ihvTIY/NYIKAAwATiShfunBw==&#10;    </string>
    <set name="ACTIVE_CONFIGS">
        <string>175713051</string>
        <string>175721243</string>
        <string>175747355</string>
        <string>175729435</string>
    </set>
</map>
