{"net":{"http_server_properties":{"broken_alternative_services":[{"anonymization":[],"broken_count":1,"host":"rr4---sn-q0c7rn76.gvt1.com","port":443,"protocol_str":"quic"},{"anonymization":[],"broken_count":1,"host":"rr2---sn-q0c7rn7d.gvt1.com","port":443,"protocol_str":"quic"},{"anonymization":[],"broken_count":1,"host":"rr3---sn-q0c7rn7d.gvt1.com","port":443,"protocol_str":"quic"},{"anonymization":[],"broken_count":3,"host":"rr3---sn-xn5ucu-q0cz.gvt1.com","port":443,"protocol_str":"quic"},{"anonymization":[],"broken_count":3,"host":"pai.googlezip.net","port":443,"protocol_str":"quic"},{"anonymization":[],"broken_count":6,"broken_until":"1734561942","host":"play.googleapis.com","port":443,"protocol_str":"quic"},{"anonymization":[],"broken_count":5,"broken_until":"1734557143","host":"rr1---sn-xn5ucu-q0cl.gvt1.com","port":443,"protocol_str":"quic"},{"anonymization":[],"broken_count":5,"broken_until":"1734557143","host":"rr1---sn-xn5ucu-q0cd.gvt1.com","port":443,"protocol_str":"quic"},{"anonymization":[],"broken_count":5,"broken_until":"1734557144","host":"rr2---sn-xn5ucu-q0ck.gvt1.com","port":443,"protocol_str":"quic"},{"anonymization":[],"broken_count":5,"broken_until":"1734557144","host":"rr3---sn-xn5ucu-q0cd.gvt1.com","port":443,"protocol_str":"quic"},{"anonymization":[],"broken_count":4,"broken_until":"1734554748","host":"rr1---sn-xn5ucu-q0c6.gvt1.com","port":443,"protocol_str":"quic"},{"anonymization":[],"broken_count":6,"broken_until":"1734561948","host":"rr1---sn-xn5ucu-q0ck.gvt1.com","port":443,"protocol_str":"quic"},{"anonymization":[],"broken_count":5,"broken_until":"1734557181","host":"rr2---sn-xn5ucu-q0c6.gvt1.com","port":443,"protocol_str":"quic"},{"anonymization":[],"broken_count":5,"broken_until":"1734557192","host":"rr2---sn-xn5ucu-q0cd.gvt1.com","port":443,"protocol_str":"quic"},{"anonymization":[],"broken_count":5,"broken_until":"1734557193","host":"rr2---sn-xn5ucu-q0cs.gvt1.com","port":443,"protocol_str":"quic"},{"anonymization":[],"broken_count":4,"broken_until":"1734554795","host":"rr3---sn-xn5ucu-q0cl.gvt1.com","port":443,"protocol_str":"quic"},{"anonymization":[],"broken_count":4,"broken_until":"1734554849","host":"rr1---sn-xn5ucu-q0cz.gvt1.com","port":443,"protocol_str":"quic"},{"anonymization":[],"broken_count":4,"broken_until":"1734555115","host":"rr2---sn-xn5ucu-q0cl.gvt1.com","port":443,"protocol_str":"quic"},{"anonymization":[],"broken_count":6,"broken_until":"1734562319","host":"rr3---sn-xn5ucu-q0cs.gvt1.com","port":443,"protocol_str":"quic"},{"anonymization":[],"broken_count":3,"broken_until":"1734553920","host":"rr1---sn-xn5ucu-q0cs.gvt1.com","port":443,"protocol_str":"quic"},{"anonymization":[],"broken_count":6,"broken_until":"1734562372","host":"rr2---sn-xn5ucu-q0cz.gvt1.com","port":443,"protocol_str":"quic"}],"servers":[{"alternative_service":[{"advertised_alpns":[],"expiration":"9223372036854775807","port":443,"protocol_str":"quic"}],"anonymization":[],"server":"https://services.googleapis.cn"},{"alternative_service":[{"advertised_alpns":["h3"],"expiration":"13381617617125253","port":443,"protocol_str":"quic"}],"anonymization":[],"server":"https://play.googleapis.com","supports_spdy":true},{"alternative_service":[{"advertised_alpns":["h3"],"expiration":"13381617617504430","port":443,"protocol_str":"quic"},{"advertised_alpns":["h3"],"expiration":"13381617617504436","port":443,"protocol_str":"quic"}],"anonymization":[],"server":"https://rr1---sn-xn5ucu-q0cz.gvt1.com"},{"alternative_service":[{"advertised_alpns":["h3"],"expiration":"13381617626125060","port":443,"protocol_str":"quic"}],"anonymization":[],"server":"https://pai.googlezip.net","supports_spdy":true}],"version":5}}}