{"net":{"http_server_properties":{"broken_alternative_services":[{"anonymization":[],"broken_count":1,"host":"www.gstatic.com","port":443,"protocol_str":"quic"},{"anonymization":[],"broken_count":2,"host":"fonts.gstatic.com","port":443,"protocol_str":"quic"},{"anonymization":[],"broken_count":8,"broken_until":"1734751590","host":"www.googleapis.com","port":443,"protocol_str":"quic"},{"anonymization":[],"broken_count":5,"broken_until":"1734717999","host":"android.googleapis.com","port":443,"protocol_str":"quic"},{"anonymization":[],"broken_count":7,"broken_until":"1734732408","host":"play.googleapis.com","port":443,"protocol_str":"quic"},{"anonymization":[],"broken_count":6,"broken_until":"1734722999","host":"android.apis.google.com","port":443,"protocol_str":"quic"}],"servers":[{"alternative_service":[{"advertised_alpns":["h3"],"expiration":"13381757574593574","port":443,"protocol_str":"quic"}],"anonymization":[],"server":"https://fonts.gstatic.com","supports_spdy":true},{"alternative_service":[{"advertised_alpns":[],"expiration":"9223372036854775807","port":443,"protocol_str":"quic"}],"anonymization":[],"server":"https://www.gstatic.com","supports_spdy":true},{"alternative_service":[{"advertised_alpns":[],"expiration":"9223372036854775807","port":443,"protocol_str":"quic"}],"anonymization":[],"server":"https://ssl.gstatic.com"},{"alternative_service":[{"advertised_alpns":[],"expiration":"9223372036854775807","port":443,"protocol_str":"quic"}],"anonymization":[],"server":"https://lh6.googleusercontent.com"},{"alternative_service":[{"advertised_alpns":[],"expiration":"9223372036854775807","port":443,"protocol_str":"quic"}],"anonymization":[],"server":"https://google.com"},{"alternative_service":[{"advertised_alpns":[],"expiration":"9223372036854775807","port":443,"protocol_str":"quic"}],"anonymization":[],"server":"https://sandbox.google.com"},{"alternative_service":[{"advertised_alpns":[],"expiration":"9223372036854775807","port":443,"protocol_str":"quic"}],"anonymization":[],"server":"https://support.google.com"},{"alternative_service":[{"advertised_alpns":[],"expiration":"9223372036854775807","port":443,"protocol_str":"quic"}],"anonymization":[],"server":"https://android-context-data.googleapis.com"},{"alternative_service":[{"advertised_alpns":[],"expiration":"9223372036854775807","port":443,"protocol_str":"quic"}],"anonymization":[],"server":"https://voilatile-pa.googleapis.com"},{"alternative_service":[{"advertised_alpns":[],"expiration":"9223372036854775807","port":443,"protocol_str":"quic"}],"anonymization":[],"server":"https://quake-pa.googleapis.com"},{"alternative_service":[{"advertised_alpns":[],"expiration":"9223372036854775807","port":443,"protocol_str":"quic"}],"anonymization":[],"server":"https://tac.googleapis.com"},{"alternative_service":[{"advertised_alpns":[],"expiration":"9223372036854775807","port":443,"protocol_str":"quic"}],"anonymization":[],"server":"https://heterodyne.googleapis.com"},{"alternative_service":[{"advertised_alpns":[],"expiration":"9223372036854775807","port":443,"protocol_str":"quic"}],"anonymization":[],"server":"https://www.gstatic.com:8888"},{"alternative_service":[{"advertised_alpns":[],"expiration":"9223372036854775807","port":443,"protocol_str":"quic"}],"anonymization":[],"server":"https://ssl.gstatic.com:8888"},{"alternative_service":[{"advertised_alpns":[],"expiration":"9223372036854775807","port":443,"protocol_str":"quic"}],"anonymization":[],"server":"https://www.recaptcha.net:8888"},{"alternative_service":[{"advertised_alpns":["h3"],"expiration":"13381778799850581","port":443,"protocol_str":"quic"}],"anonymization":[],"server":"https://android.googleapis.com","supports_spdy":true},{"alternative_service":[{"advertised_alpns":["h3"],"expiration":"13381778808194012","port":443,"protocol_str":"quic"}],"anonymization":[],"server":"https://www.googleapis.com","supports_spdy":true},{"alternative_service":[{"advertised_alpns":["h3"],"expiration":"13381778813196790","port":443,"protocol_str":"quic"}],"anonymization":[],"server":"https://play.googleapis.com","supports_spdy":true},{"alternative_service":[{"advertised_alpns":["h3"],"expiration":"13381779002682166","port":443,"protocol_str":"quic"}],"anonymization":[],"server":"https://android.apis.google.com","supports_spdy":true}],"version":5}}}