[{
  "device": {
    "mostRecentData": {
      "carrierName": "No carrier",
      "playStoreClientVersion": 84402830,
      "manufacturer": "Google",
      "modelName": "Pixel 7",
      "deviceName": "panther",
      "productName": "panther",
      "retailBrand": "google",
      "totalMemoryBytes": "7838302208",
      "nativePlatform": ["arm64-v8a"],
      "deviceIpCountry": "IE",
      "userLocale": "en_IE",
      "buildFingerprint": "google/panther/panther:15/AP4A.241205.013/12621605:user/release-keys",
      "androidSdkVersion": "35"
    },
    "dataAtTimeOfUserPlayActivity": {
      "carrierName": "No carrier",
      "manufacturer": "Google",
      "modelName": "Pixel 7",
      "deviceName": "panther",
      "productName": "panther",
      "retailBrand": "google",
      "nativePlatform": ["arm64-v8a"],
      "deviceIpCountry": "IE",
      "userLocale": "en_IE",
      "androidSdkVersion": "35"
    },
    "deviceRegistrationTime": "2024-12-20T10:55:15.470Z",
    "userAddedOnDeviceTime": "2024-12-20T10:55:15.470Z",
    "lastTimeDeviceActive": "2024-12-20T16:46:44.931410Z"
  }
},
{
  "device": {
    "mostRecentData": {
      "carrierName": "No carrier",
      "playStoreClientVersion": 84402830,
      "manufacturer": "Google",
      "modelName": "Pixel 7",
      "deviceName": "panther",
      "productName": "panther",
      "retailBrand": "google",
      "totalMemoryBytes": "7838302208",
      "nativePlatform": ["arm64-v8a"],
      "deviceIpCountry": "IE",
      "userLocale": "en_IE",
      "buildFingerprint": "google/panther/panther:15/AP4A.241205.013/12621605:user/release-keys",
      "androidSdkVersion": "35"
    },
    "dataAtTimeOfUserPlayActivity": {
      "carrierName": "No carrier",
      "manufacturer": "Google",
      "modelName": "Pixel 7",
      "deviceName": "panther",
      "productName": "panther",
      "retailBrand": "google",
      "nativePlatform": ["arm64-v8a"],
      "deviceIpCountry": "IE",
      "userLocale": "en_IE",
      "androidSdkVersion": "35"
    },
    "deviceRegistrationTime": "2024-12-18T14:24:18.682Z",
    "userAddedOnDeviceTime": "2024-12-18T14:24:18.682Z",
    "lastTimeDeviceActive": "2024-12-18T14:24:23.207132Z"
  }
},
{
  "device": {
    "mostRecentData": {
      "carrierName": "No carrier",
      "playStoreClientVersion": 84371930,
      "manufacturer": "Google",
      "modelName": "Pixel 7",
      "deviceName": "panther",
      "productName": "panther",
      "retailBrand": "google",
      "totalMemoryBytes": "7791955968",
      "nativePlatform": ["arm64-v8a"],
      "deviceIpCountry": "IE",
      "userLocale": "en_US",
      "buildFingerprint": "google/panther/panther:13/TD1A.220804.031/9071314:user/release-keys",
      "androidSdkVersion": "33"
    },
    "dataAtTimeOfUserPlayActivity": {
      "carrierName": "No carrier",
      "manufacturer": "Google",
      "modelName": "Pixel 7",
      "deviceName": "panther",
      "productName": "panther",
      "retailBrand": "google",
      "nativePlatform": ["arm64-v8a"],
      "deviceIpCountry": "IE",
      "userLocale": "en_US",
      "androidSdkVersion": "33"
    },
    "deviceRegistrationTime": "2024-11-14T14:32:28.966Z",
    "userAddedOnDeviceTime": "2024-11-14T14:32:28.966Z",
    "lastTimeDeviceActive": "2024-12-16T07:12:43.129708Z"
  }
},
{
  "device": {
    "mostRecentData": {
      "carrierName": "No carrier",
      "playStoreClientVersion": 84291630,
      "manufacturer": "Google",
      "modelName": "Pixel 7",
      "deviceName": "panther",
      "productName": "panther",
      "retailBrand": "google",
      "totalMemoryBytes": "7802896384",
      "nativePlatform": ["arm64-v8a"],
      "deviceIpCountry": "IE",
      "userLocale": "en_IE",
      "buildFingerprint": "google/panther/panther:14/UQ1A.240105.004/11206848:user/release-keys",
      "androidSdkVersion": "34"
    },
    "dataAtTimeOfUserPlayActivity": {
      "carrierName": "No carrier",
      "manufacturer": "Google",
      "modelName": "Pixel 7",
      "deviceName": "panther",
      "productName": "panther",
      "retailBrand": "google",
      "nativePlatform": ["arm64-v8a"],
      "deviceIpCountry": "IE",
      "userLocale": "en_IE",
      "androidSdkVersion": "34"
    },
    "deviceRegistrationTime": "2024-09-24T10:42:31.134Z",
    "userAddedOnDeviceTime": "2024-09-24T10:42:31.134Z",
    "lastTimeDeviceActive": "2024-10-01T09:08:07.208540Z"
  }
}]