{
  "title": "PXL_20220311_124215308.jpg",
  "description": "",
  "imageViews": "4",
  "creationTime": {
    "timestamp": "1727093469",
    "formatted": "Sep 23, 2024, 12:11:09 PM UTC"
  },
  "photoTakenTime": {
    "timestamp": "1647002535",
    "formatted": "Mar 11, 2022, 12:42:15 PM UTC"
  },
  "geoData": {
    "latitude": 0.0,
    "longitude": 0.0,
    "altitude": 0.0,
    "latitudeSpan": 0.0,
    "longitudeSpan": 0.0
  },
  "geoDataExif": {
    "latitude": 0.0,
    "longitude": 0.0,
    "altitude": 0.0,
    "latitudeSpan": 0.0,
    "longitudeSpan": 0.0
  },
  "url": "https://photos.google.com/photo/AF1QipMq7J4g7VnJ0LezcMtnu-k7WMMu69ED3-xMakAP",
  "googlePhotosOrigin": {
    "mobileUpload": {
      "deviceFolder": {
        "localFolderName": ""
      },
      "deviceType": "ANDROID_PHONE"
    }
  },
  "appSource": {
    "androidPackageName": "com.google.android.GoogleCamera"
  }
}