{"net":{"http_server_properties":{"broken_alternative_services":[{"anonymization":[],"broken_count":2,"host":"rr2---sn-xn5ucu-q0cz.gvt1.com","port":443,"protocol_str":"quic"},{"anonymization":[],"broken_count":2,"host":"pai.googlezip.net","port":443,"protocol_str":"quic"},{"anonymization":[],"broken_count":4,"host":"rr1---sn-xn5ucu-q0cl.gvt1.com","port":443,"protocol_str":"quic"},{"anonymization":[],"broken_count":4,"host":"rr1---sn-xn5ucu-q0cs.gvt1.com","port":443,"protocol_str":"quic"},{"anonymization":[],"broken_count":5,"host":"rr2---sn-xn5ucu-q0cl.gvt1.com","port":443,"protocol_str":"quic"},{"anonymization":[],"broken_count":6,"host":"rr1---sn-xn5ucu-q0cd.gvt1.com","port":443,"protocol_str":"quic"},{"anonymization":[],"broken_count":6,"host":"rr2---sn-xn5ucu-q0cd.gvt1.com","port":443,"protocol_str":"quic"},{"anonymization":[],"broken_count":5,"host":"rr2---sn-xn5ucu-q0cs.gvt1.com","port":443,"protocol_str":"quic"},{"anonymization":[],"broken_count":5,"host":"rr3---sn-xn5ucu-q0cz.gvt1.com","port":443,"protocol_str":"quic"},{"anonymization":[],"broken_count":4,"host":"rr3---sn-xn5ucu-q0cl.gvt1.com","port":443,"protocol_str":"quic"},{"anonymization":[],"broken_count":4,"host":"rr2---sn-xn5ucu-q0c6.gvt1.com","port":443,"protocol_str":"quic"},{"anonymization":[],"broken_count":5,"host":"rr1---sn-xn5ucu-q0cz.gvt1.com","port":443,"protocol_str":"quic"},{"anonymization":[],"broken_count":6,"host":"rr2---sn-xn5ucu-q0ck.gvt1.com","port":443,"protocol_str":"quic"},{"anonymization":[],"broken_count":5,"host":"rr3---sn-xn5ucu-q0cs.gvt1.com","port":443,"protocol_str":"quic"},{"anonymization":[],"broken_count":6,"host":"rr3---sn-xn5ucu-q0cd.gvt1.com","port":443,"protocol_str":"quic"},{"anonymization":[],"broken_count":8,"broken_until":"1734715097","host":"play.googleapis.com","port":443,"protocol_str":"quic"},{"anonymization":[],"broken_count":6,"broken_until":"1734722961","host":"rr1---sn-xn5ucu-q0ck.gvt1.com","port":443,"protocol_str":"quic"},{"anonymization":[],"broken_count":6,"broken_until":"1734722963","host":"rr1---sn-xn5ucu-q0c6.gvt1.com","port":443,"protocol_str":"quic"}],"servers":[{"alternative_service":[{"advertised_alpns":[],"expiration":"9223372036854775807","port":443,"protocol_str":"quic"}],"anonymization":[],"server":"https://pai.googlezip.net","supports_spdy":true},{"alternative_service":[{"advertised_alpns":[],"expiration":"9223372036854775807","port":443,"protocol_str":"quic"}],"anonymization":[],"server":"https://services.googleapis.cn"},{"alternative_service":[{"advertised_alpns":["h3"],"expiration":"13381778963306329","port":443,"protocol_str":"quic"}],"anonymization":[],"server":"https://play.googleapis.com","supports_spdy":true},{"alternative_service":[{"advertised_alpns":["h3"],"expiration":"13381778962982603","port":443,"protocol_str":"quic"},{"advertised_alpns":["h3"],"expiration":"13381778962982613","port":443,"protocol_str":"quic"}],"anonymization":[],"server":"https://rr1---sn-xn5ucu-q0cl.gvt1.com"}],"version":5}}}