{"net":{"http_server_properties":{"broken_alternative_services":[{"anonymization":[],"broken_count":1,"host":"rr1---sn-xn5ucu-q0cz.gvt1.com","port":443,"protocol_str":"quic"},{"anonymization":[],"broken_count":1,"host":"rr2---sn-xn5ucu-q0cz.gvt1.com","port":443,"protocol_str":"quic"},{"anonymization":[],"broken_count":1,"host":"rr2---sn-xn5ucu-q0cl.gvt1.com","port":443,"protocol_str":"quic"},{"anonymization":[],"broken_count":1,"host":"rr2---sn-xn5ucu-q0cs.gvt1.com","port":443,"protocol_str":"quic"},{"anonymization":[],"broken_count":1,"host":"rr3---sn-xn5ucu-q0cz.gvt1.com","port":443,"protocol_str":"quic"},{"anonymization":[],"broken_count":1,"host":"rr1---sn-xn5ucu-q0cd.gvt1.com","port":443,"protocol_str":"quic"},{"anonymization":[],"broken_count":1,"host":"rr3---sn-xn5ucu-q0cl.gvt1.com","port":443,"protocol_str":"quic"},{"anonymization":[],"broken_count":1,"host":"rr1---sn-xn5ucu-q0cs.gvt1.com","port":443,"protocol_str":"quic"},{"anonymization":[],"broken_count":2,"host":"www.gstatic.com","port":443,"protocol_str":"quic"},{"anonymization":[],"broken_count":1,"host":"deviceintegritytokens-pa.googleapis.com","port":443,"protocol_str":"quic"},{"anonymization":[],"broken_count":1,"host":"notifications-pa.googleapis.com","port":443,"protocol_str":"quic"},{"anonymization":[],"broken_count":3,"host":"www.googleapis.com","port":443,"protocol_str":"quic"},{"anonymization":[],"broken_count":1,"host":"safebrowsing.googleapis.com","port":443,"protocol_str":"quic"},{"anonymization":[],"broken_count":1,"host":"securitydomain-pa.googleapis.com","port":443,"protocol_str":"quic"},{"anonymization":[],"broken_count":2,"host":"lh3.googleusercontent.com","port":443,"protocol_str":"quic"},{"anonymization":[],"broken_count":1,"host":"firebaseperusertopics-pa.googleapis.com","port":443,"protocol_str":"quic"},{"anonymization":[],"broken_count":1,"host":"people-pa.googleapis.com","port":443,"protocol_str":"quic"},{"anonymization":[],"broken_count":8,"broken_until":"1734736217","host":"play.googleapis.com","port":443,"protocol_str":"quic"},{"anonymization":[],"broken_count":1,"host":"rr2---sn-xn5ucu-q0cd.gvt1.com","port":443,"protocol_str":"quic"},{"anonymization":[],"broken_count":1,"host":"footprints-pa.googleapis.com","port":443,"protocol_str":"quic"},{"anonymization":[],"broken_count":1,"host":"spot-pa.googleapis.com","port":443,"protocol_str":"quic"},{"anonymization":[],"broken_count":1,"host":"googleads.g.doubleclick.net","port":443,"protocol_str":"quic"},{"anonymization":[],"broken_count":3,"broken_until":"1734714497","host":"region1.app-measurement.com","port":443,"protocol_str":"quic"},{"anonymization":[],"broken_count":3,"broken_until":"1734714497","host":"app-measurement.com","port":443,"protocol_str":"quic"},{"anonymization":[],"broken_count":1,"broken_until":"1734713798","host":"lamssettings-pa.googleapis.com","port":443,"protocol_str":"quic"}],"servers":[{"alternative_service":[{"advertised_alpns":["h3"],"expiration":"13381757713616004","port":443,"protocol_str":"quic"}],"anonymization":[],"server":"https://wallet.google.com","supports_spdy":true},{"alternative_service":[{"advertised_alpns":["h3"],"expiration":"13381757716194830","port":443,"protocol_str":"quic"}],"anonymization":[],"server":"https://dl.google.com","supports_spdy":true},{"alternative_service":[{"advertised_alpns":["h3"],"expiration":"13381757729657963","port":443,"protocol_str":"quic"}],"anonymization":[],"server":"https://notifications-pa.googleapis.com","supports_spdy":true},{"alternative_service":[{"advertised_alpns":["h3"],"expiration":"13381670459794045","port":443,"protocol_str":"quic"},{"advertised_alpns":["h3"],"expiration":"13381670459794051","port":443,"protocol_str":"quic"}],"anonymization":[],"server":"https://rr2---sn-xn5ucu-q0c6.gvt1.com"},{"alternative_service":[{"advertised_alpns":["h3"],"expiration":"13381759322600897","port":443,"protocol_str":"quic"}],"anonymization":[],"server":"https://people-pa.googleapis.com","supports_spdy":true},{"alternative_service":[{"advertised_alpns":["h3"],"expiration":"13381761495885770","port":443,"protocol_str":"quic"}],"anonymization":[],"server":"https://deviceintegritytokens-pa.googleapis.com","supports_spdy":true},{"alternative_service":[{"advertised_alpns":["h3"],"expiration":"13381761535131393","port":443,"protocol_str":"quic"}],"anonymization":[],"server":"https://safebrowsing.googleapis.com","supports_spdy":true},{"alternative_service":[{"advertised_alpns":["h3"],"expiration":"13381765203431316","port":443,"protocol_str":"quic"}],"anonymization":[],"server":"https://findmydevice-pa.googleapis.com","supports_spdy":true},{"alternative_service":[{"advertised_alpns":["h3"],"expiration":"13381765206772700","port":443,"protocol_str":"quic"}],"anonymization":[],"server":"https://securitydomain-pa.googleapis.com","supports_spdy":true},{"alternative_service":[{"advertised_alpns":["h3"],"expiration":"13381758650318835","port":443,"protocol_str":"quic"}],"anonymization":[],"server":"https://play.googleapis.com","supports_spdy":true},{"alternative_service":[{"advertised_alpns":[],"expiration":"9223372036854775807","port":443,"protocol_str":"quic"}],"anonymization":[],"server":"https://www.gstatic.com","supports_spdy":true},{"alternative_service":[{"advertised_alpns":[],"expiration":"9223372036854775807","port":443,"protocol_str":"quic"}],"anonymization":[],"server":"https://ssl.gstatic.com"},{"anonymization":[],"server":"https://lh3.googleusercontent.com","supports_spdy":true},{"alternative_service":[{"advertised_alpns":[],"expiration":"9223372036854775807","port":443,"protocol_str":"quic"}],"anonymization":[],"server":"https://lh6.googleusercontent.com"},{"alternative_service":[{"advertised_alpns":[],"expiration":"9223372036854775807","port":443,"protocol_str":"quic"}],"anonymization":[],"server":"https://google.com"},{"alternative_service":[{"advertised_alpns":[],"expiration":"9223372036854775807","port":443,"protocol_str":"quic"}],"anonymization":[],"server":"https://sandbox.google.com"},{"alternative_service":[{"advertised_alpns":[],"expiration":"9223372036854775807","port":443,"protocol_str":"quic"}],"anonymization":[],"server":"https://support.google.com"},{"alternative_service":[{"advertised_alpns":[],"expiration":"9223372036854775807","port":443,"protocol_str":"quic"}],"anonymization":[],"server":"https://android-context-data.googleapis.com"},{"alternative_service":[{"advertised_alpns":[],"expiration":"9223372036854775807","port":443,"protocol_str":"quic"}],"anonymization":[],"server":"https://voilatile-pa.googleapis.com"},{"alternative_service":[{"advertised_alpns":[],"expiration":"9223372036854775807","port":443,"protocol_str":"quic"}],"anonymization":[],"server":"https://quake-pa.googleapis.com"},{"alternative_service":[{"advertised_alpns":["h3"],"expiration":"13381761496003975","port":443,"protocol_str":"quic"}],"anonymization":[],"server":"https://www.googleapis.com","supports_spdy":true},{"alternative_service":[{"advertised_alpns":[],"expiration":"9223372036854775807","port":443,"protocol_str":"quic"}],"anonymization":[],"server":"https://tac.googleapis.com"},{"alternative_service":[{"advertised_alpns":[],"expiration":"9223372036854775807","port":443,"protocol_str":"quic"}],"anonymization":[],"server":"https://heterodyne.googleapis.com"},{"alternative_service":[{"advertised_alpns":[],"expiration":"9223372036854775807","port":443,"protocol_str":"quic"}],"anonymization":[],"server":"https://www.gstatic.com:8888"},{"alternative_service":[{"advertised_alpns":[],"expiration":"9223372036854775807","port":443,"protocol_str":"quic"}],"anonymization":[],"server":"https://ssl.gstatic.com:8888"},{"alternative_service":[{"advertised_alpns":[],"expiration":"9223372036854775807","port":443,"protocol_str":"quic"}],"anonymization":[],"server":"https://www.recaptcha.net:8888"},{"anonymization":[],"server":"https://googleads.g.doubleclick.net","supports_spdy":true},{"alternative_service":[{"advertised_alpns":["h3"],"expiration":"13381778816045477","port":443,"protocol_str":"quic"}],"anonymization":[],"server":"https://footprints-pa.googleapis.com","supports_spdy":true},{"alternative_service":[{"advertised_alpns":["h3"],"expiration":"13381779005342405","port":443,"protocol_str":"quic"}],"anonymization":[],"server":"https://app-measurement.com","supports_spdy":true},{"alternative_service":[{"advertised_alpns":["h3"],"expiration":"13381779097946280","port":443,"protocol_str":"quic"}],"anonymization":[],"server":"https://firebaseperusertopics-pa.googleapis.com","supports_spdy":true},{"alternative_service":[{"advertised_alpns":["h3"],"expiration":"13381779098931372","port":443,"protocol_str":"quic"}],"anonymization":[],"server":"https://lamssettings-pa.googleapis.com"},{"alternative_service":[{"advertised_alpns":["h3"],"expiration":"13381779102191969","port":443,"protocol_str":"quic"}],"anonymization":[],"server":"https://region1.app-measurement.com","supports_spdy":true}],"version":5}}}