{
  "title": "PXL_20220311_124258433.jpg",
  "description": "",
  "imageViews": "4",
  "creationTime": {
    "timestamp": "1727093474",
    "formatted": "Sep 23, 2024, 12:11:14 PM UTC"
  },
  "photoTakenTime": {
    "timestamp": "1647002578",
    "formatted": "Mar 11, 2022, 12:42:58 PM UTC"
  },
  "geoData": {
    "latitude": 0.0,
    "longitude": 0.0,
    "altitude": 0.0,
    "latitudeSpan": 0.0,
    "longitudeSpan": 0.0
  },
  "geoDataExif": {
    "latitude": 0.0,
    "longitude": 0.0,
    "altitude": 0.0,
    "latitudeSpan": 0.0,
    "longitudeSpan": 0.0
  },
  "url": "https://photos.google.com/photo/AF1QipNXTaU6BjNzraFJLZSqx53W778CmdMUe1OG95ee",
  "googlePhotosOrigin": {
    "mobileUpload": {
      "deviceFolder": {
        "localFolderName": ""
      },
      "deviceType": "ANDROID_PHONE"
    }
  },
  "appSource": {
    "androidPackageName": "com.google.android.GoogleCamera"
  }
}