{
  "title": "PXL_20220311_124207131.jpg",
  "description": "",
  "imageViews": "5",
  "creationTime": {
    "timestamp": "1727093466",
    "formatted": "Sep 23, 2024, 12:11:06 PM UTC"
  },
  "photoTakenTime": {
    "timestamp": "1647002527",
    "formatted": "Mar 11, 2022, 12:42:07 PM UTC"
  },
  "geoData": {
    "latitude": 0.0,
    "longitude": 0.0,
    "altitude": 0.0,
    "latitudeSpan": 0.0,
    "longitudeSpan": 0.0
  },
  "geoDataExif": {
    "latitude": 0.0,
    "longitude": 0.0,
    "altitude": 0.0,
    "latitudeSpan": 0.0,
    "longitudeSpan": 0.0
  },
  "url": "https://photos.google.com/photo/AF1QipOkMaCQ4wS2cm1_EdZYH3W88QruZ1F-7q0oSQQL",
  "googlePhotosOrigin": {
    "mobileUpload": {
      "deviceFolder": {
        "localFolderName": ""
      },
      "deviceType": "ANDROID_PHONE"
    }
  },
  "appSource": {
    "androidPackageName": "com.google.android.GoogleCamera"
  }
}