{
  "title": "PXL_20220311_124235157.jpg",
  "description": "",
  "imageViews": "3",
  "creationTime": {
    "timestamp": "1727093473",
    "formatted": "Sep 23, 2024, 12:11:13 PM UTC"
  },
  "photoTakenTime": {
    "timestamp": "1647002555",
    "formatted": "Mar 11, 2022, 12:42:35 PM UTC"
  },
  "geoData": {
    "latitude": 0.0,
    "longitude": 0.0,
    "altitude": 0.0,
    "latitudeSpan": 0.0,
    "longitudeSpan": 0.0
  },
  "geoDataExif": {
    "latitude": 0.0,
    "longitude": 0.0,
    "altitude": 0.0,
    "latitudeSpan": 0.0,
    "longitudeSpan": 0.0
  },
  "url": "https://photos.google.com/photo/AF1QipMzUSCCxklwyl0E7K60z3NDQ0GI1zdEZ-CD_G5l",
  "googlePhotosOrigin": {
    "mobileUpload": {
      "deviceFolder": {
        "localFolderName": ""
      },
      "deviceType": "ANDROID_PHONE"
    }
  },
  "appSource": {
    "androidPackageName": "com.google.android.GoogleCamera"
  }
}