{
    "Data Source": "derived:com.google.calories.bmr:com.google.android.gms:merged",
    "Data Points": [
        {"fitValue":[{"value":{"fpVal":1572.0000178813934}}],"originDataSourceId":"derived:com.google.calories.bmr:com.google.android.gms:from_height&weight","endTimeNanos":1733243384379000000,"dataTypeName":"com.google.calories.bmr","startTimeNanos":1733243384379000000,"modifiedTimeMillis":1733243426361,"rawTimestampNanos":0},
        {"fitValue":[{"value":{"fpVal":1572.0000178813934}}],"originDataSourceId":"derived:com.google.calories.bmr:com.google.android.gms:from_height&weight","endTimeNanos":1733243391238000000,"dataTypeName":"com.google.calories.bmr","startTimeNanos":1733243391238000000,"modifiedTimeMillis":1733243426361,"rawTimestampNanos":0}
    ]
}