{"Fid":"dT55cNetSmiJkAd8tGpXEz","Status":3,"AuthToken":"eyJhbGciOiJFUzI1NiIsInR5cCI6IkpXVCJ9.eyJhcHBJZCI6IjE6MjIxNTcxODQxMzE4OmFuZHJvaWQ6OWM1NDdiNWVkNDY2YjU4MCIsImV4cCI6MTczNTIwNTMxOSwiZmlkIjoiZFQ1NWNOZXRTbWlKa0FkOHRHcFhFeiIsInByb2plY3ROdW1iZXIiOjIyMTU3MTg0MTMxOH0.AB2LPV8wRgIhAIV6eiGq47UkZevjMDccv-jWcavZMEvq1khQ0gSB__RSAiEA13u9rbL8Q0--q34d6WpTo13R88gukY6sdsqItIskTfM","RefreshToken":"3_AS3qfwIa_GQkKVd2StkHbGML8L3CvSOArDp7Q_WaBEnRcvaXjP2RNMILebveLCl-XTPInqvEVtQHAA3Rh3-_S2kUWfPr3lQJFKT30J7E8msEgw","TokenCreationEpochInSecs":1734600520,"ExpiresInSecs":604800}