<?xml version='1.0' encoding='utf-8' standalone='yes' ?>
<map>
    <long name="last-periodic-rebuild" value="1734648902736" />
    <int name="settings-version" value="7" />
    <string name="app_indexing_direct_mutation_allowlist">com.google.android.gms,com.google.android.videos,com.google.android.apps.messaging,com.google.android.settings.intelligence,com.google.android.deskclock,com.google.android.apps.wellbeing</string>
    <boolean name="using_downloaded_lang_id_model" value="true" />
    <string name="current-os-build-id">AP4A.241205.013</string>
    <string name="pkg-info-com.google.android.gm">Gi0KFWNvbS5nb29nbGUuYW5kcm9pZC5nbRCmh9T4BxgAIJiAxPgHKgAyADoAQgAgASojbGFzdC11&#10;cGRhdGUtMTczNDYwODczMTAyNC12ZXJzaW9uLTM47rnz9b0ySLCe+B5SKDM4OTE4QTQ1M0QwNzE5&#10;OTM1NEY4QjE5QUYwNUVDNjU2MkNFRDU3ODhYAQ==&#10;    </string>
    <boolean name="predefined-typeconfigs-update-in-progress" value="false" />
    <long name="last-maintenance" value="1734695893438" />
    <boolean name="unified-indexing-request-queue-status" value="true" />
    <string name="pkg-info-com.android.chrome">ChppbnN0YWxsLXRpbWUtMTczNDYwMDA4NzA2OCojbGFzdC11cGRhdGUtMTczNDYwMzYxNTM2OS12&#10;ZXJzaW9uLTNIge2awwJSKDM4OTE4QTQ1M0QwNzE5OTM1NEY4QjE5QUYwNUVDNjU2MkNFRDU3ODhg&#10;hMSY870y&#10;    </string>
    <boolean name="enabled-appdatasearch-corpora-with-whitelist" value="true" />
    <string name="pkg-info-com.google.android.apps.wellbeing">KiNsYXN0LXVwZGF0ZS0xNzM0NjAzNjk1ODE4LXZlcnNpb24tM0iJlylSKDRFQkREMDIzODBGMUZB&#10;MEI2NzQxNDkxRjBBRjM1NjI1REJBNzZFOUZg9MDD870y&#10;    </string>
    <string name="gmscore-info">CmYKFmNvbS5nb29nbGUuYW5kcm9pZC5nbXMQjqTU+AcYjaTU+Acg+5ag+AcqGmFuZHJvaWQuaW50&#10;ZW50LmFjdGlvbi5NQUlOMgA6AEIaaW50ZXJuYWwuM3A6TXVzaWNSZWNvcmRpbmcKUAoWY29tLmdv&#10;b2dsZS5hbmRyb2lkLmdtcxCIpNT4BxiHpNT4ByCdl6D4ByoaYW5kcm9pZC5pbnRlbnQuYWN0aW9u&#10;Lk1BSU4yADoAQgRhcHBzCmcKFmNvbS5nb29nbGUuYW5kcm9pZC5nbXMQjKTU+AcYi6TU+Acg+JWg&#10;+AcqGmFuZHJvaWQuaW50ZW50LmFjdGlvbi5NQUlOMgA6AEIbaW50ZXJuYWwuM3A6RGlnaXRhbERv&#10;Y3VtZW50CmIKFmNvbS5nb29nbGUuYW5kcm9pZC5nbXMQkKTU+AcYj6TU+AcguJag+AcqGmFuZHJv&#10;aWQuaW50ZW50LmFjdGlvbi5NQUlOMgA6AEIWaW50ZXJuYWwuM3A6UGhvdG9ncmFwaApfChZjb20u&#10;Z29vZ2xlLmFuZHJvaWQuZ21zEIqk1PgHGImk1PgHINGVoPgHKhphbmRyb2lkLmludGVudC5hY3Rp&#10;b24uTUFJTjIAOgBCE2ludGVybmFsLjNwOkNvbnRhY3QKXwoWY29tLmdvb2dsZS5hbmRyb2lkLmdt&#10;cxCKpNT4BxiJpNT4ByDRlaD4ByoaYW5kcm9pZC5pbnRlbnQuYWN0aW9uLk1BSU4yADoAQhNjb250&#10;YWN0c19jb250YWN0X2lkCmkKFmNvbS5nb29nbGUuYW5kcm9pZC5nbXMQiKTU+AcYh6TU+AcgnZeg&#10;+AcqGmFuZHJvaWQuaW50ZW50LmFjdGlvbi5NQUlOMgA6AEIdaW50ZXJuYWwuM3A6TW9iaWxlQXBw&#10;bGljYXRpb24QABAAEAAQABAAEAAQAA==&#10;    </string>
    <string name="request-queue-whitelist">com.google.android.gms,com.lge.music,com.google.android.apps.messaging,com.google.android.gm,com.google.android.youtube,com.android.chrome,com.wishabi.flipp,com.railyatri.in.mobile,ru.sberbankmobile,com.google.android.videos</string>
    <string name="app-params"></string>
    <string name="pkg-info-com.google.android.apps.maps">KiNsYXN0LXVwZGF0ZS0xNzM0NjA1ODkwNzE0LXZlcnNpb24tM0ip65b9A1IoMzg5MThBNDUzRDA3&#10;MTk5MzU0RjhCMTlBRjA1RUM2NTYyQ0VENTc4OGD/59DyvTI=&#10;    </string>
    <int name="index-version" value="63" />
    <string name="pkg-info-com.google.android.videos">KiNsYXN0LXVwZGF0ZS0xNzM0NjA1Njk2Mjk1LXZlcnNpb24tM0jXuLvRAVIoMjRCQjI0QzA1RTQ3&#10;RTBBRUZBNjhBNThBNzY2MTc5RDlCNjEzQTYwMGC96tDyvTI=&#10;    </string>
    <string name="pkg-info-com.google.android.apps.messaging">ChppbnN0YWxsLXRpbWUtMTczNDYwMDA4Njc0MBo5CiFjb20uZ29vZ2xlLmFuZHJvaWQuYXBwcy5t&#10;ZXNzYWdpbmcQ5YHU+AcYACCAgMT4ByoAMgA6AEIAIAEqI2xhc3QtdXBkYXRlLTE3MzQ2MDU5MjI3&#10;ODItdmVyc2lvbi0zMAE4m7WLnr4ySPftjX1SKDA5ODBBMTJCRTk5MzUyOEMxOTEwN0JDMjFBRDgx&#10;MTQ3OEM2M0NFRkNgmovd9L0y&#10;    </string>
    <string name="pkg-info-com.google.android.deskclock">ChppbnN0YWxsLXRpbWUtMTczNDYwMDA4NzEyORo0Chxjb20uZ29vZ2xlLmFuZHJvaWQuZGVza2Ns&#10;b2NrEMOD0PgHGAAggIDE+AcqADIAOgBCACABKiNsYXN0LXVwZGF0ZS0xNzM0NjA1ODUxNTQ4LXZl&#10;cnNpb24tMzABOOiiw/S9MkiDhJ8kUigzODkxOEE0NTNEMDcxOTkzNTRGOEIxOUFGMDVFQzY1NjJD&#10;RUQ1Nzg4YN/2x/S9Mg==&#10;    </string>
    <string name="instance-id">3c67952f-b481-4618-9967-eb46f08aadd6</string>
    <string name="pkg-info-com.google.android.googlequicksearchbox">Gl0KJ2NvbS5nb29nbGUuYW5kcm9pZC5nb29nbGVxdWlja3NlYXJjaGJveBCcx9T4Bxibx9T4ByCQ&#10;gMT4ByoaYW5kcm9pZC5pbnRlbnQuYWN0aW9uLk1BSU4yADoAQgAgAiojbGFzdC11cGRhdGUtMTcz&#10;NDY5NjE2Mjk3OC12ZXJzaW9uLTMwATiircufvjJIs8TejwFSKDM4OTE4QTQ1M0QwNzE5OTM1NEY4&#10;QjE5QUYwNUVDNjU2MkNFRDU3ODg=&#10;    </string>
    <boolean name="enabled-corpus-schema-store-as-ground-truth" value="false" />
    <long name="app-params-last-update" value="1734695896125" />
    <string name="known-accounts">CiYKGGRvdWdsZWl0aDIzc2VwQGdtYWlsLmNvbRIKY29tLmdvb2dsZQ==&#10;    </string>
    <string name="pkg-info-com.google.android.settings.intelligence">ChppbnN0YWxsLXRpbWUtMTczNDYwMDA4NjcxNhpACihjb20uZ29vZ2xlLmFuZHJvaWQuc2V0dGlu&#10;Z3MuaW50ZWxsaWdlbmNlEMyA0PgHGAAggIDE+AcqADIAOgBCACABKiNsYXN0LXVwZGF0ZS0xNzM0&#10;NjAzMjMwMjAyLXZlcnNpb24tMzABOO6io/O9MkiHsvncA1IoREQ1RkU5NzYwOUIzNjE1QUZBQTY0&#10;QzBGQjQxNDI3REIwNzE1MTA2NmCk+KXzvTI=&#10;    </string>
    <string name="pkg-info-com.google.android.gms">ChppbnN0YWxsLXRpbWUtMTczNDYwMDA4Njg2OBouChZjb20uZ29vZ2xlLmFuZHJvaWQuZ21zELqA&#10;8PgHGAAgxIWg+AcqADIAOgBCACABKiNsYXN0LXVwZGF0ZS0xNzM0NjAxMDk1Mzc3LXZlcnNpb24t&#10;MzABOJL/5PG9Mkjzz9l0UigzODkxOEE0NTNEMDcxOTkzNTRGOEIxOUFGMDVFQzY1NjJDRUQ1Nzg4&#10;    </string>
    <string name="pkg-info-com.google.android.apps.tips">KiNsYXN0LXVwZGF0ZS0xNzM0NjA4Njk2MzI3LXZlcnNpb24tM0ib1usYUihCRjVGMTRBQUY2Q0FE&#10;RDlCRjk1NEExNEQ2MUJFNzE0QkZBMDc4NTMwYJ2Ehfa9Mg==&#10;    </string>
</map>
