<?xml version='1.0' encoding='utf-8' standalone='yes' ?>
<map>
    <string name="corpuskey:F76C4AAC955718637DFC45269805098EF20E0F65">CqECCg5waG9uZXNfZGF0YV9pZBIWY29tLmdvb2dsZS5hbmRyb2lkLmdtcyJJY29udGVudDovL2Nv&#10;bS5nb29nbGUuYW5kcm9pZC5nbXMuaWNpbmcucHJveHkvYXBwZGF0YXNlYXJjaC9waG9uZXNfZGF0&#10;YV9pZDIbCgpjb250YWN0X2lkEAEYACABKAAyAHgAiAEAMhUKBHR5cGUQARgAIAEoADIAeACIAQAy&#10;FgoFbGFiZWwQARgAIAEoADIAeACIAQAyFQoEZGF0YRABGAAgASgAMgB4AIgBADoQCAASBhIEEgII&#10;ABiWpNT4B0ADSgExUABY/tfqwL7U54DWAWACaABw0fGg8r0yeMr4xbWxhIS/UpoBDENvbnRhY3RQ&#10;b2ludKgBABIiMABCHjE3MzQ2MDAxMDk3NTctODFlZGIxMzQwMmJjMjExNw==&#10;    </string>
    <string name="corpuskey:5CE0ED98F024D48388D562C6AA8205A5BC5AB46A">CogDCh1pbnRlcm5hbC4zcDpNb2JpbGVBcHBsaWNhdGlvbhIWY29tLmdvb2dsZS5hbmRyb2lkLmdt&#10;cyJlY29udGVudDovL2NvbS5nb29nbGUuYW5kcm9pZC5nbXMuaWNpbmcuaW5kZXhhcGkvP3R5cGU9&#10;TW9iaWxlQXBwbGljYXRpb24mY2xpZW50PWNvbS5nb29nbGUuYW5kcm9pZC5nbXMyHAoLdGhpbmdf&#10;cHJvdG8QABgEIAEoADIAeACIAQAyFgoEbmFtZRABGAAgPygBMgEAeACIAQAyGgoIa2V5d29yZHMQ&#10;ARgAID8oATIBAHgAiAEAMh8KDWFsdGVybmF0ZU5hbWUQARgAIAEoATIBAHgAiAEAOgwIABIGEgQS&#10;AggBGAA6JAgDEh4SHAoaYW5kcm9pZC5pbnRlbnQuYWN0aW9uLlZJRVcYADoKCAQSBBICIgAYADoM&#10;CAkSBhIEEgIIABgAQAVKATdQAFiolPfT9ZqzigNgAWgAcL6Iu5++MnjVt/7Khcva3GSoAQASRxoN&#10;CglkZWxldGUgb2sQARoNCghpbmRleCBvaxCnAxoTCg5pbmRleC10aGluZyBvaxCnAzAAQhA0MmQw&#10;MzU4OGJjNjgxM2Rh&#10;    </string>
    <string name="corpuskey:6C33CAF759AEC587DB7ABE08B495BAD9D55B83D5">CqQECgRhcHBzEhZjb20uZ29vZ2xlLmFuZHJvaWQuZ21zIjFjb250ZW50Oi8vY29tLmdvb2dsZS5h&#10;bmRyb2lkLmdtcy5pY2luZy5wcm94eS5hcHBzMhsKBG5hbWUQARgAID8oATIAWgRuYW1leACIAQAy&#10;GQoIaWNvbl91cmkQABgAIAEoADIAeACIAQAyHQoMcGFja2FnZV9uYW1lEAAYACABKAAyAHgAiAEA&#10;MhsKCmNsYXNzX25hbWUQABgAIAEoADIAeACIAQAyIwoSbGFzdF91cGRhdGVfbWlsbGlzEAAYACAB&#10;KAAyAHgAiAEAMiIKEGFkZGl0aW9uYWxfbmFtZXMQARgAIAEoATIBCngAiAEAOhAIABIGEgQSAggA&#10;GJSk1PgHOkYIAhI8EjoSOAgBIjRhbmRyb2lkLnJlc291cmNlOi8vYW5kcm9pZC9kcmF3YWJsZS9z&#10;eW1fZGVmX2FwcF9pY29uGJGk1PgHOigIAxIeEhwKGmFuZHJvaWQuaW50ZW50LmFjdGlvbi5NQUlO&#10;GJKk1PgHOkMIBBI5EiYKJGNvbnRlbnQ6Ly9hcHBsaWNhdGlvbnMvYXBwbGljYXRpb25zLxIEEgII&#10;AhIDCgEvEgQSAggDGJOk1PgHQABKATJQAFiih7f9iLnck7EBYAJoAXDR8aDyvTJ45KKknsmXlqQW&#10;mgEgQ3JlYXRpdmVXb3JrL1NvZnR3YXJlQXBwbGljYXRpb26oAQASURoXChNmYWlsZWQgdXNhZ2Ug&#10;cmVwb3J0EAEaDQoIaW5kZXggb2sQ4AEaEAoMdXNhZ2UgcmVwb3J0EBgwAEITLWR1bW15LWluY2Fy&#10;bmF0aW9uLQ==&#10;    </string>
    <string name="corpuskey:9572E93E9E6756C40891A1D1BD31EB649B411E18">CrcDChFpbnRlcm5hbC4zcDpUaGluZxIoY29tLmdvb2dsZS5hbmRyb2lkLnNldHRpbmdzLmludGVs&#10;bGlnZW5jZSJrY29udGVudDovL2NvbS5nb29nbGUuYW5kcm9pZC5nbXMuaWNpbmcuaW5kZXhhcGkv&#10;P3R5cGU9VGhpbmcmY2xpZW50PWNvbS5nb29nbGUuYW5kcm9pZC5zZXR0aW5ncy5pbnRlbGxpZ2Vu&#10;Y2UyHAoLdGhpbmdfcHJvdG8QABgEIAEoADIAeACIAQAyFgoEbmFtZRABGAAgASgBMgEAeACIAQAy&#10;GgoIa2V5d29yZHMQARgAIAEoATIBAHgAiAEAMh8KDWFsdGVybmF0ZU5hbWUQARgAIAEoATIBAHgA&#10;iAEAMh0KC2lzUGFydE9mX2lkEAEYBSABKAAyAQB4AIgBADoMCAASBhIEEgIIARgAOiQIAxIeEhwK&#10;GmFuZHJvaWQuaW50ZW50LmFjdGlvbi5WSUVXGAA6CggEEgQSAiIAGAA6DAgJEgYSBBICCAAYAEAX&#10;SgE3UAFY8oTNi8XJ1fOJAWABaABwoIm7n74yeLf7vNuJnvS1SKgBgM7aAxIiGgwKCGluZGV4IG9r&#10;EBwaEgoOaW5kZXgtdGhpbmcgb2sQHA==&#10;    </string>
    <string name="hmackey">8C8ECAECEC128214FF5AB4A04BEF302990633165</string>
    <string name="corpuskey:F8184AB7C0277645FE2CDEA250E5367122402F3C-8">CrACCgdvbW5pYm94EhJjb20uYW5kcm9pZC5jaHJvbWUiImNvbnRlbnQ6Ly9jb20uYW5kcm9pZC5j&#10;aHJvbWUuaWNpbmcyFgoDdXJsEAEYAyABKAEyAGgBeACIAQAyGAoFdGl0bGUQARgAIAEoATIAaAJ4&#10;AIgBADIcCgtpbmRleGVkX3VybBAAGAAgASgAMgB4AIgBADoQCAASBhIEEgIIARiAmdD4BzoQCAES&#10;BhIEEgIIABiBmdD4BzoUCAISChIICgZyZXMvUjQYgIDE+Ac6KAgDEh4SHAoaYW5kcm9pZC5pbnRl&#10;bnQuYWN0aW9uLlZJRVcY/pjQ+Ac6EAgEEgYSBBICCAAY/5jQ+AdACEoBMlAAWJPU++ez35SIbmAC&#10;aABwnKzj8b0yeIjbtPzvmZqOUKgBABICIAI=&#10;    </string>
    <string name="corpuskey:9572E93E9E6756C40891A1D1BD31EB649B411E18-9">CrcDChFpbnRlcm5hbC4zcDpUaGluZxIoY29tLmdvb2dsZS5hbmRyb2lkLnNldHRpbmdzLmludGVs&#10;bGlnZW5jZSJrY29udGVudDovL2NvbS5nb29nbGUuYW5kcm9pZC5nbXMuaWNpbmcuaW5kZXhhcGkv&#10;P3R5cGU9VGhpbmcmY2xpZW50PWNvbS5nb29nbGUuYW5kcm9pZC5zZXR0aW5ncy5pbnRlbGxpZ2Vu&#10;Y2UyHAoLdGhpbmdfcHJvdG8QABgEIAEoADIAeACIAQAyFgoEbmFtZRABGAAgASgBMgEAeACIAQAy&#10;GgoIa2V5d29yZHMQARgAIAEoATIBAHgAiAEAMh8KDWFsdGVybmF0ZU5hbWUQARgAIAEoATIBAHgA&#10;iAEAMh0KC2lzUGFydE9mX2lkEAEYBSABKAAyAQB4AIgBADoMCAASBhIEEgIIARgAOiQIAxIeEhwK&#10;GmFuZHJvaWQuaW50ZW50LmFjdGlvbi5WSUVXGAA6CggEEgQSAiIAGAA6DAgJEgYSBBICCAAYAEAJ&#10;SgE3UAFY2uz/nsrTy8+wAWABaABwoIm7n74yeLf7vNuJnvS1SKgBgM7aAxImGgwKCGluZGV4IG9r&#10;EBwaEgoOaW5kZXgtdGhpbmcgb2sQHCACMAA=&#10;    </string>
    <string name="corpuskey:BCB49B8F37E8C1153874EB0469D6CE2A0FC0FAD4">CpcFChNjb250YWN0c19jb250YWN0X2lkEhZjb20uZ29vZ2xlLmFuZHJvaWQuZ21zIk5jb250ZW50&#10;Oi8vY29tLmdvb2dsZS5hbmRyb2lkLmdtcy5pY2luZy5wcm94eS9hcHBkYXRhc2VhcmNoL2NvbnRh&#10;Y3RzX2NvbnRhY3RfaWQyGwoKbG9va3VwX2tleRABGAAgASgAMgB4AIgBADIZCghpY29uX3VyaRAA&#10;GAAgASgAMgB4AIgBADIVCgRuYW1lEAEYACAFKAEyAHgAiAEAMh0KCmdpdmVubmFtZXMQARgAIBQo&#10;ATIAOAB4AIgBADIYCgVlbWFpbBAAGAIgAigAMgLChXgAiAEAMh0KCG5pY2tuYW1lEAEYACAPKAEy&#10;AsKFOAB4AIgBADIZCgZudW1iZXIQABgAIAEoADICwoV4AIgBADIaCgdhZGRyZXNzEAAYACABKAAy&#10;AsKFeACIAQAyHQoMcGhvbmV0aWNuYW1lEAEYACAKKAEyAHgAiAEAOhAIABIGEgQSAggCGJik1PgH&#10;OhQIARIKEggaBhBkGAEgDBiZpNT4BzpICAISPhI8EjoIASI2YW5kcm9pZC5yZXNvdXJjZTovL2Fu&#10;ZHJvaWQvZHJhd2FibGUvaWNfY29udGFjdF9waWN0dXJlGJWk1PgHOigIAxIeEhwKGmFuZHJvaWQu&#10;aW50ZW50LmFjdGlvbi5WSUVXGJ2k1PgHOkwIBBJCEjEKL2NvbnRlbnQ6Ly9jb20uYW5kcm9pZC5j&#10;b250YWN0cy9jb250YWN0cy9sb29rdXAvEgQSAggAEgMKAS8SAiIAGJek1PgHQAFKATFQAFiAi8Tr&#10;y7HbwsgBYAJoAXDR8aDyvTJ46+DYkv258+YsmgEGUGVyc29uqAEAEiIwAEIeMTczNDYwMDEwOTc1&#10;Mi1iMDkxODc1MjYyYzI1MzYz&#10;    </string>
    <string name="corpuskey:9572E93E9E6756C40891A1D1BD31EB649B411E18-6">CrYDChFpbnRlcm5hbC4zcDpUaGluZxIoY29tLmdvb2dsZS5hbmRyb2lkLnNldHRpbmdzLmludGVs&#10;bGlnZW5jZSJrY29udGVudDovL2NvbS5nb29nbGUuYW5kcm9pZC5nbXMuaWNpbmcuaW5kZXhhcGkv&#10;P3R5cGU9VGhpbmcmY2xpZW50PWNvbS5nb29nbGUuYW5kcm9pZC5zZXR0aW5ncy5pbnRlbGxpZ2Vu&#10;Y2UyHAoLdGhpbmdfcHJvdG8QABgEIAEoADIAeACIAQAyFgoEbmFtZRABGAAgASgBMgEAeACIAQAy&#10;GgoIa2V5d29yZHMQARgAIAEoATIBAHgAiAEAMh8KDWFsdGVybmF0ZU5hbWUQARgAIAEoATIBAHgA&#10;iAEAMh0KC2lzUGFydE9mX2lkEAEYBSABKAAyAQB4AIgBADoMCAASBhIEEgIIARgAOiQIAxIeEhwK&#10;GmFuZHJvaWQuaW50ZW50LmFjdGlvbi5WSUVXGAA6CggEEgQSAiIAGAA6DAgJEgYSBBICCAAYAEAG&#10;SgE3UAFY56+a8fe69qUjYAFoAHCOwP3xvTJ4t/u824me9LVIqAGAztoDEjgaDAoIaW5kZXggb2sQ&#10;MBoSCg5pbmRleC10aGluZyBvaxAwIAIwAEIQMTdjODI5YTg2ZTFhM2M3ZA==&#10;    </string>
    <string name="corpuskey:9572E93E9E6756C40891A1D1BD31EB649B411E18-7">CrcDChFpbnRlcm5hbC4zcDpUaGluZxIoY29tLmdvb2dsZS5hbmRyb2lkLnNldHRpbmdzLmludGVs&#10;bGlnZW5jZSJrY29udGVudDovL2NvbS5nb29nbGUuYW5kcm9pZC5nbXMuaWNpbmcuaW5kZXhhcGkv&#10;P3R5cGU9VGhpbmcmY2xpZW50PWNvbS5nb29nbGUuYW5kcm9pZC5zZXR0aW5ncy5pbnRlbGxpZ2Vu&#10;Y2UyHAoLdGhpbmdfcHJvdG8QABgEIAEoADIAeACIAQAyFgoEbmFtZRABGAAgASgBMgEAeACIAQAy&#10;GgoIa2V5d29yZHMQARgAIAEoATIBAHgAiAEAMh8KDWFsdGVybmF0ZU5hbWUQARgAIAEoATIBAHgA&#10;iAEAMh0KC2lzUGFydE9mX2lkEAEYBSABKAAyAQB4AIgBADoMCAASBhIEEgIIARgAOiQIAxIeEhwK&#10;GmFuZHJvaWQuaW50ZW50LmFjdGlvbi5WSUVXGAA6CggEEgQSAiIAGAA6DAgJEgYSBBICCAAYAEAH&#10;SgE3UAFYkoPChvGUu7bVAWABaABwtquF870yeLf7vNuJnvS1SKgBgM7aAxI4GgwKCGluZGV4IG9r&#10;EBwaEgoOaW5kZXgtdGhpbmcgb2sQHCACMABCEDE3YzgyOWE4NmUxYTNjN2Q=&#10;    </string>
    <string name="corpuskey:F45618BE19503A5F011D13093D13BD2458222DBC-11">CoADCiJpbnRlcm5hbC4zcDpTdG9wd2F0Y2hfY3Jvc3NfZGV2aWNlEhxjb20uZ29vZ2xlLmFuZHJv&#10;aWQuZGVza2Nsb2NrInBjb250ZW50Oi8vY29tLmdvb2dsZS5hbmRyb2lkLmdtcy5pY2luZy5pbmRl&#10;eGFwaS8/dHlwZT1TdG9wd2F0Y2hfY3Jvc3NfZGV2aWNlJmNsaWVudD1jb20uZ29vZ2xlLmFuZHJv&#10;aWQuZGVza2Nsb2NrMhwKC3RoaW5nX3Byb3RvEAAYBCABKAAyAHgAiAEAMhYKBG5hbWUQARgAIAEo&#10;ATIBAHgAiAEAMhoKCGtleXdvcmRzEAEYACABKAEyAQB4AIgBADoMCAASBhIEEgIIARgAOiQIAxIe&#10;EhwKGmFuZHJvaWQuaW50ZW50LmFjdGlvbi5WSUVXGAA6CggEEgQSAiIAGAA6DAgJEgYSBBICCAAY&#10;AEALSgE3UAFYitff252Q6tppYAFoAHCB47/zvTJ48vr9uJGq2qgZqAGAztoDEiQaDAoIaW5kZXgg&#10;b2sQARoSCg5pbmRleC10aGluZyBvaxABIAI=&#10;    </string>
    <string name="corpuskey:4303670DBB34B0AC39A766D733EA0D0747CCC79E">CqMCCg9wb3N0YWxzX2RhdGFfaWQSFmNvbS5nb29nbGUuYW5kcm9pZC5nbXMiSmNvbnRlbnQ6Ly9j&#10;b20uZ29vZ2xlLmFuZHJvaWQuZ21zLmljaW5nLnByb3h5L2FwcGRhdGFzZWFyY2gvcG9zdGFsc19k&#10;YXRhX2lkMhsKCmNvbnRhY3RfaWQQARgAIAEoADIAeACIAQAyFQoEdHlwZRABGAAgASgAMgB4AIgB&#10;ADIWCgVsYWJlbBABGAAgASgAMgB4AIgBADIVCgRkYXRhEAEYACABKAAyAHgAiAEAOhAIABIGEgQS&#10;AggAGJak1PgHQARKATFQAFjjiPDW/ZiEjYkBYAJoAHDR8aDyvTJ4iJGF1P+v2Y0VmgEMQ29udGFj&#10;dFBvaW50qAEAEiIwAEIeMTczNDYwMDEwOTc2MC02NzljZDM5MjY3OWU1NTZh&#10;    </string>
    <string name="corpuskey:354CA8B514B5CE30562407385603771B7B66ED66-18">CpMDCh5pbnRlcm5hbC4zcDpBbGFybV9jcm9zc19kZXZpY2USHGNvbS5nb29nbGUuYW5kcm9pZC5k&#10;ZXNrY2xvY2sibGNvbnRlbnQ6Ly9jb20uZ29vZ2xlLmFuZHJvaWQuZ21zLmljaW5nLmluZGV4YXBp&#10;Lz90eXBlPUFsYXJtX2Nyb3NzX2RldmljZSZjbGllbnQ9Y29tLmdvb2dsZS5hbmRyb2lkLmRlc2tj&#10;bG9jazIcCgt0aGluZ19wcm90bxAAGAQgASgAMgB4AIgBADIWCgRuYW1lEAEYACABKAEyAQB4AIgB&#10;ADIaCghrZXl3b3JkcxABGAAgASgBMgEAeACIAQAyGQoHbWVzc2FnZRABGAAgASgBMgEAeACIAQA6&#10;DAgAEgYSBBICCAEYADokCAMSHhIcChphbmRyb2lkLmludGVudC5hY3Rpb24uVklFVxgAOgoIBBIE&#10;EgIiABgAOgwICRIGEgQSAggAGABAEkoBN1ABWMGp1o7wgo7paGABaABw6Yi7n74yeIqU6anE0+qj&#10;VqgBgM7aAxImGgwKCGluZGV4IG9rEAIaEgoOaW5kZXgtdGhpbmcgb2sQAiACMAA=&#10;    </string>
    <string name="corpuskey:F45618BE19503A5F011D13093D13BD2458222DBC-15">CoADCiJpbnRlcm5hbC4zcDpTdG9wd2F0Y2hfY3Jvc3NfZGV2aWNlEhxjb20uZ29vZ2xlLmFuZHJv&#10;aWQuZGVza2Nsb2NrInBjb250ZW50Oi8vY29tLmdvb2dsZS5hbmRyb2lkLmdtcy5pY2luZy5pbmRl&#10;eGFwaS8/dHlwZT1TdG9wd2F0Y2hfY3Jvc3NfZGV2aWNlJmNsaWVudD1jb20uZ29vZ2xlLmFuZHJv&#10;aWQuZGVza2Nsb2NrMhwKC3RoaW5nX3Byb3RvEAAYBCABKAAyAHgAiAEAMhYKBG5hbWUQARgAIAEo&#10;ATIBAHgAiAEAMhoKCGtleXdvcmRzEAEYACABKAEyAQB4AIgBADoMCAASBhIEEgIIARgAOiQIAxIe&#10;EhwKGmFuZHJvaWQuaW50ZW50LmFjdGlvbi5WSUVXGAA6CggEEgQSAiIAGAA6DAgJEgYSBBICCAAY&#10;AEAPSgE3UAFYrMHvhq7z8eFjYAFoAHC4ibufvjJ48vr9uJGq2qgZqAGAztoDEiYaDAoIaW5kZXgg&#10;b2sQARoSCg5pbmRleC10aGluZyBvaxABIAIwAA==&#10;    </string>
    <string name="corpuskey:354CA8B514B5CE30562407385603771B7B66ED66">CpQDCh5pbnRlcm5hbC4zcDpBbGFybV9jcm9zc19kZXZpY2USHGNvbS5nb29nbGUuYW5kcm9pZC5k&#10;ZXNrY2xvY2sibGNvbnRlbnQ6Ly9jb20uZ29vZ2xlLmFuZHJvaWQuZ21zLmljaW5nLmluZGV4YXBp&#10;Lz90eXBlPUFsYXJtX2Nyb3NzX2RldmljZSZjbGllbnQ9Y29tLmdvb2dsZS5hbmRyb2lkLmRlc2tj&#10;bG9jazIcCgt0aGluZ19wcm90bxAAGAQgASgAMgB4AIgBADIWCgRuYW1lEAEYACABKAEyAQB4AIgB&#10;ADIaCghrZXl3b3JkcxABGAAgASgBMgEAeACIAQAyGQoHbWVzc2FnZRABGAAgASgBMgEAeACIAQA6&#10;DAgAEgYSBBICCAEYADokCAMSHhIcChphbmRyb2lkLmludGVudC5hY3Rpb24uVklFVxgAOgoIBBIE&#10;EgIiABgAOgwICRIGEgQSAggAGABAFUoBN1ABWI3s3bCjtqT5sQFgAWgAcOmIu5++MniKlOmpxNPq&#10;o1aoAYDO2gMSIhoMCghpbmRleCBvaxACGhIKDmluZGV4LXRoaW5nIG9rEAI=&#10;    </string>
    <string name="corpuskey:9572E93E9E6756C40891A1D1BD31EB649B411E18-20">CrYDChFpbnRlcm5hbC4zcDpUaGluZxIoY29tLmdvb2dsZS5hbmRyb2lkLnNldHRpbmdzLmludGVs&#10;bGlnZW5jZSJrY29udGVudDovL2NvbS5nb29nbGUuYW5kcm9pZC5nbXMuaWNpbmcuaW5kZXhhcGkv&#10;P3R5cGU9VGhpbmcmY2xpZW50PWNvbS5nb29nbGUuYW5kcm9pZC5zZXR0aW5ncy5pbnRlbGxpZ2Vu&#10;Y2UyHAoLdGhpbmdfcHJvdG8QABgEIAEoADIAeACIAQAyFgoEbmFtZRABGAAgASgBMgEAeACIAQAy&#10;GgoIa2V5d29yZHMQARgAIAEoATIBAHgAiAEAMh8KDWFsdGVybmF0ZU5hbWUQARgAIAEoATIBAHgA&#10;iAEAMh0KC2lzUGFydE9mX2lkEAEYBSABKAAyAQB4AIgBADoMCAASBhIEEgIIARgAOiQIAxIeEhwK&#10;GmFuZHJvaWQuaW50ZW50LmFjdGlvbi5WSUVXGAA6CggEEgQSAiIAGAA6DAgJEgYSBBICCAAYAEAU&#10;SgE3UAFY2saXvJ6k94I8YAFoAHCgibufvjJ4t/u824me9LVIqAGAztoDEiYaDAoIaW5kZXggb2sQ&#10;HBoSCg5pbmRleC10aGluZyBvaxAcIAIwAA==&#10;    </string>
    <long name="created" value="1734600107606" />
    <string name="corpuskey:F45618BE19503A5F011D13093D13BD2458222DBC-13">CoADCiJpbnRlcm5hbC4zcDpTdG9wd2F0Y2hfY3Jvc3NfZGV2aWNlEhxjb20uZ29vZ2xlLmFuZHJv&#10;aWQuZGVza2Nsb2NrInBjb250ZW50Oi8vY29tLmdvb2dsZS5hbmRyb2lkLmdtcy5pY2luZy5pbmRl&#10;eGFwaS8/dHlwZT1TdG9wd2F0Y2hfY3Jvc3NfZGV2aWNlJmNsaWVudD1jb20uZ29vZ2xlLmFuZHJv&#10;aWQuZGVza2Nsb2NrMhwKC3RoaW5nX3Byb3RvEAAYBCABKAAyAHgAiAEAMhYKBG5hbWUQARgAIAEo&#10;ATIBAHgAiAEAMhoKCGtleXdvcmRzEAEYACABKAEyAQB4AIgBADoMCAASBhIEEgIIARgAOiQIAxIe&#10;EhwKGmFuZHJvaWQuaW50ZW50LmFjdGlvbi5WSUVXGAA6CggEEgQSAiIAGAA6DAgJEgYSBBICCAAY&#10;AEANSgE3UAFYlf3uyN2E9pZiYAFoAHCB47/zvTJ48vr9uJGq2qgZqAGAztoDEiQaDAoIaW5kZXgg&#10;b2sQARoSCg5pbmRleC10aGluZyBvaxABIAI=&#10;    </string>
    <string name="corpuskey:F45618BE19503A5F011D13093D13BD2458222DBC-19">CoADCiJpbnRlcm5hbC4zcDpTdG9wd2F0Y2hfY3Jvc3NfZGV2aWNlEhxjb20uZ29vZ2xlLmFuZHJv&#10;aWQuZGVza2Nsb2NrInBjb250ZW50Oi8vY29tLmdvb2dsZS5hbmRyb2lkLmdtcy5pY2luZy5pbmRl&#10;eGFwaS8/dHlwZT1TdG9wd2F0Y2hfY3Jvc3NfZGV2aWNlJmNsaWVudD1jb20uZ29vZ2xlLmFuZHJv&#10;aWQuZGVza2Nsb2NrMhwKC3RoaW5nX3Byb3RvEAAYBCABKAAyAHgAiAEAMhYKBG5hbWUQARgAIAEo&#10;ATIBAHgAiAEAMhoKCGtleXdvcmRzEAEYACABKAEyAQB4AIgBADoMCAASBhIEEgIIARgAOiQIAxIe&#10;EhwKGmFuZHJvaWQuaW50ZW50LmFjdGlvbi5WSUVXGAA6CggEEgQSAiIAGAA6DAgJEgYSBBICCAAY&#10;AEATSgE3UAFYx7CglNGMmJgrYAFoAHC4ibufvjJ48vr9uJGq2qgZqAGAztoDEiYaDAoIaW5kZXgg&#10;b2sQARoSCg5pbmRleC10aGluZyBvaxABIAIwAA==&#10;    </string>
    <string name="corpuskey:37F32A17F3F8A5FE32D3D9A9F3D19F2426C67FE3">CqECCg5lbWFpbHNfZGF0YV9pZBIWY29tLmdvb2dsZS5hbmRyb2lkLmdtcyJJY29udGVudDovL2Nv&#10;bS5nb29nbGUuYW5kcm9pZC5nbXMuaWNpbmcucHJveHkvYXBwZGF0YXNlYXJjaC9lbWFpbHNfZGF0&#10;YV9pZDIbCgpjb250YWN0X2lkEAEYACABKAAyAHgAiAEAMhUKBHR5cGUQARgAIAEoADIAeACIAQAy&#10;FgoFbGFiZWwQARgAIAEoADIAeACIAQAyFQoEZGF0YRABGAAgASgAMgB4AIgBADoQCAASBhIEEgII&#10;ABiWpNT4B0ACSgExUABYqLum3ueF6ZzgAWACaABw0fGg8r0yeNrj3qra6+nWUpoBDENvbnRhY3RQ&#10;b2ludKgBABIiMABCHjE3MzQ2MDAxMDk3NTUtY2Y3MDI4ZGI4OWNiMTBhOA==&#10;    </string>
    <string name="corpuskey:190F3F183674CA847D0379FAB2FE573B2F3AF803">Cq0FChppbnRlcm5hbC4zcDpNZXNzYWdlX25vX2dzYRIhY29tLmdvb2dsZS5hbmRyb2lkLmFwcHMu&#10;bWVzc2FnaW5nIm1jb250ZW50Oi8vY29tLmdvb2dsZS5hbmRyb2lkLmdtcy5pY2luZy5pbmRleGFw&#10;aS8/dHlwZT1NZXNzYWdlX25vX2dzYSZjbGllbnQ9Y29tLmdvb2dsZS5hbmRyb2lkLmFwcHMubWVz&#10;c2FnaW5nMhwKC3RoaW5nX3Byb3RvEAAYBCABKAAyAHgAiAEAMhYKBG5hbWUQARgAIAEoATIBAHgA&#10;iAEAMhoKCGtleXdvcmRzEAEYACABKAEyAQB4AIgBADIWCgR0ZXh0EAEYACABKAEyAQB4AIgBADId&#10;CgtzZW5kZXJfbmFtZRABGAAgASgBMgEAeACIAQAyHgoMc2VuZGVyX2VtYWlsEAEYAiABKAEyAQB4&#10;AIgBADIgCg5yZWNpcGllbnRfbmFtZRABGAAgASgBMgEAeACIAQAyIQoPcmVjaXBpZW50X2VtYWls&#10;EAEYAiABKAEyAQB4AIgBADIoChZtZXNzYWdlQXR0YWNobWVudF9uYW1lEAEYACABKAEyAQB4AIgB&#10;ADIlChNyZWNpcGllbnRfdGVsZXBob25lEAEYACABKAEyAQB4AIgBADIiChBzZW5kZXJfdGVsZXBo&#10;b25lEAEYACABKAEyAQB4AIgBADIdCgtpc1BhcnRPZl9pZBABGAUgASgAMgEAeACIAQAyHgoMZGF0&#10;ZVJlY2VpdmVkEAEYBCABKAAyAQB4AYgBADIXCgVpbWFnZRABGAMgASgBMgEAeACIAQAyGAoGbGFi&#10;ZWxzEAEYBSABKAAyAQB4AIgBAEARSgE3UAFYq6Xi0aGurIKkAWABaABwg4q7n74yeLSKybKK85+y&#10;eKgBABIiGgwKCGluZGV4IG9rEAEaEgoOaW5kZXgtdGhpbmcgb2sQAQ==&#10;    </string>
    <string name="corpuskey:354CA8B514B5CE30562407385603771B7B66ED66-10">CpMDCh5pbnRlcm5hbC4zcDpBbGFybV9jcm9zc19kZXZpY2USHGNvbS5nb29nbGUuYW5kcm9pZC5k&#10;ZXNrY2xvY2sibGNvbnRlbnQ6Ly9jb20uZ29vZ2xlLmFuZHJvaWQuZ21zLmljaW5nLmluZGV4YXBp&#10;Lz90eXBlPUFsYXJtX2Nyb3NzX2RldmljZSZjbGllbnQ9Y29tLmdvb2dsZS5hbmRyb2lkLmRlc2tj&#10;bG9jazIcCgt0aGluZ19wcm90bxAAGAQgASgAMgB4AIgBADIWCgRuYW1lEAEYACABKAEyAQB4AIgB&#10;ADIaCghrZXl3b3JkcxABGAAgASgBMgEAeACIAQAyGQoHbWVzc2FnZRABGAAgASgBMgEAeACIAQA6&#10;DAgAEgYSBBICCAEYADokCAMSHhIcChphbmRyb2lkLmludGVudC5hY3Rpb24uVklFVxgAOgoIBBIE&#10;EgIiABgAOgwICRIGEgQSAggAGABACkoBN1ABWJq1vvWTxZbQVmABaABws+K/870yeIqU6anE0+qj&#10;VqgBgM7aAxIkGgwKCGluZGV4IG9rEAIaEgoOaW5kZXgtdGhpbmcgb2sQAiAC&#10;    </string>
    <string name="corpuskey:14343911AE0ED8EFE5628B66CE5E5D04A32F7FDC">CrMCCh9pbnRlcm5hbC4zcDpDb252ZXJzYXRpb25fbm9fZ3NhEiFjb20uZ29vZ2xlLmFuZHJvaWQu&#10;YXBwcy5tZXNzYWdpbmcicmNvbnRlbnQ6Ly9jb20uZ29vZ2xlLmFuZHJvaWQuZ21zLmljaW5nLmlu&#10;ZGV4YXBpLz90eXBlPUNvbnZlcnNhdGlvbl9ub19nc2EmY2xpZW50PWNvbS5nb29nbGUuYW5kcm9p&#10;ZC5hcHBzLm1lc3NhZ2luZzIcCgt0aGluZ19wcm90bxAAGAQgASgAMgB4AIgBADIWCgRuYW1lEAEY&#10;ACABKAEyAQB4AIgBADIaCghrZXl3b3JkcxABGAAgASgBMgEAeACIAQBAEEoBN1ABWJj0/vCL5OfS&#10;FWABaABwy4m7n74yeLmS2Ny52Z+IAagBABIiGgwKCGluZGV4IG9rEAEaEgoOaW5kZXgtdGhpbmcg&#10;b2sQAQ==&#10;    </string>
    <string name="corpuskey:354CA8B514B5CE30562407385603771B7B66ED66-12">CpQDCh5pbnRlcm5hbC4zcDpBbGFybV9jcm9zc19kZXZpY2USHGNvbS5nb29nbGUuYW5kcm9pZC5k&#10;ZXNrY2xvY2sibGNvbnRlbnQ6Ly9jb20uZ29vZ2xlLmFuZHJvaWQuZ21zLmljaW5nLmluZGV4YXBp&#10;Lz90eXBlPUFsYXJtX2Nyb3NzX2RldmljZSZjbGllbnQ9Y29tLmdvb2dsZS5hbmRyb2lkLmRlc2tj&#10;bG9jazIcCgt0aGluZ19wcm90bxAAGAQgASgAMgB4AIgBADIWCgRuYW1lEAEYACABKAEyAQB4AIgB&#10;ADIaCghrZXl3b3JkcxABGAAgASgBMgEAeACIAQAyGQoHbWVzc2FnZRABGAAgASgBMgEAeACIAQA6&#10;DAgAEgYSBBICCAEYADokCAMSHhIcChphbmRyb2lkLmludGVudC5hY3Rpb24uVklFVxgAOgoIBBIE&#10;EgIiABgAOgwICRIGEgQSAggAGABADEoBN1ABWPq42fjozp+NgQFgAWgAcLPiv/O9MniKlOmpxNPq&#10;o1aoAYDO2gMSJBoMCghpbmRleCBvaxACGhIKDmluZGV4LXRoaW5nIG9rEAIgAg==&#10;    </string>
    <string name="corpuskey:F45618BE19503A5F011D13093D13BD2458222DBC">CoEDCiJpbnRlcm5hbC4zcDpTdG9wd2F0Y2hfY3Jvc3NfZGV2aWNlEhxjb20uZ29vZ2xlLmFuZHJv&#10;aWQuZGVza2Nsb2NrInBjb250ZW50Oi8vY29tLmdvb2dsZS5hbmRyb2lkLmdtcy5pY2luZy5pbmRl&#10;eGFwaS8/dHlwZT1TdG9wd2F0Y2hfY3Jvc3NfZGV2aWNlJmNsaWVudD1jb20uZ29vZ2xlLmFuZHJv&#10;aWQuZGVza2Nsb2NrMhwKC3RoaW5nX3Byb3RvEAAYBCABKAAyAHgAiAEAMhYKBG5hbWUQARgAIAEo&#10;ATIBAHgAiAEAMhoKCGtleXdvcmRzEAEYACABKAEyAQB4AIgBADoMCAASBhIEEgIIARgAOiQIAxIe&#10;EhwKGmFuZHJvaWQuaW50ZW50LmFjdGlvbi5WSUVXGAA6CggEEgQSAiIAGAA6DAgJEgYSBBICCAAY&#10;AEAWSgE3UAFYhvqt2emtpqiTAWABaABwuIm7n74yePL6/biRqtqoGagBgM7aAxIiGgwKCGluZGV4&#10;IG9rEAEaEgoOaW5kZXgtdGhpbmcgb2sQAQ==&#10;    </string>
    <string name="corpuskey:354CA8B514B5CE30562407385603771B7B66ED66-14">CpQDCh5pbnRlcm5hbC4zcDpBbGFybV9jcm9zc19kZXZpY2USHGNvbS5nb29nbGUuYW5kcm9pZC5k&#10;ZXNrY2xvY2sibGNvbnRlbnQ6Ly9jb20uZ29vZ2xlLmFuZHJvaWQuZ21zLmljaW5nLmluZGV4YXBp&#10;Lz90eXBlPUFsYXJtX2Nyb3NzX2RldmljZSZjbGllbnQ9Y29tLmdvb2dsZS5hbmRyb2lkLmRlc2tj&#10;bG9jazIcCgt0aGluZ19wcm90bxAAGAQgASgAMgB4AIgBADIWCgRuYW1lEAEYACABKAEyAQB4AIgB&#10;ADIaCghrZXl3b3JkcxABGAAgASgBMgEAeACIAQAyGQoHbWVzc2FnZRABGAAgASgBMgEAeACIAQA6&#10;DAgAEgYSBBICCAEYADokCAMSHhIcChphbmRyb2lkLmludGVudC5hY3Rpb24uVklFVxgAOgoIBBIE&#10;EgIiABgAOgwICRIGEgQSAggAGABADkoBN1ABWMmFkvDJyKqDyQFgAWgAcOmIu5++MniKlOmpxNPq&#10;o1aoAYDO2gMSJhoMCghpbmRleCBvaxACGhIKDmluZGV4LXRoaW5nIG9rEAIgAjAA&#10;    </string>
</map>
