<?xml version='1.0' encoding='utf-8' standalone='yes' ?>
<map>
    <long name="com.google.android.apps.maps" value="1734600087109" />
    <long name="com.google.android.apps.wellbeing" value="1734600086620" />
    <long name="com.google.android.apps.pixel.dcservice" value="1734600087210" />
    <long name="com.google.android.setupwizard" value="1734600086752" />
    <long name="com.google.android.apps.privacy.wildlife" value="1734600086643" />
    <long name="com.google.android.apps.pixel.support" value="1734600086822" />
    <long name="com.google.android.apps.messaging" value="1734600086740" />
    <long name="com.google.android.apps.photos" value="1734600087047" />
    <long name="com.google.assistant.hubui" value="1734600086610" />
    <long name="com.google.android.apps.safetyhub" value="1734600086807" />
    <long name="com.google.android.apps.restore" value="1734600086892" />
    <long name="com.google.android.apps.docs" value="1734600087095" />
    <long name="com.google.android.apps.tips" value="1734600086833" />
    <long name="com.google.android.apps.weather" value="1734600086657" />
</map>
