<?xml version='1.0' encoding='utf-8' standalone='yes' ?>
<map>
    <int name="GCM_V" value="243333045" />
    <int name="groups_state" value="1" />
    <string name="sender">745476177629</string>
    <long name="reg_time" value="1734600548455" />
    <string name="accountList">dougleith23sep@gmail.com</string>
    <long name="groups_last_upload" value="1734692107108" />
    <string name="regId">ddhu7A-dMfU:APA91bG0OYaJ1m4TJjnLMf7RHBBKnrs0qm7-BiretivNRQrqJGN1H3QmCojhXLUL79RSaUXrdm1wyrExRCj5uHV_nlIPBbo-XihZiGg3uIbvB4VXthCgXbc</string>
</map>
