<?xml version='1.0' encoding='utf-8' standalone='yes' ?>
<map>
    <long name="last_upload" value="1734713502200" />
    <long name="last_delete_stale" value="36642" />
    <long name="app_install_time" value="1734713358000" />
    <long name="first_open_time" value="1734600111234" />
    <boolean name="has_been_opened" value="true" />
    <string name="health_monitor:value">2WP244738:Interrupted in onRunTask while uploading</string>
    <boolean name="allow_remote_dynamite" value="true" />
    <long name="health_monitor:start" value="1734693059613" />
    <boolean name="use_service" value="true" />
    <long name="midnight_offset" value="36271164" />
    <long name="health_monitor:count" value="3" />
    <long name="last_upload_attempt" value="0" />
</map>
