<?xml version='1.0' encoding='utf-8' standalone='yes' ?>
<map>
    <string name="public_key">MFkwEwYHKoZIzj0CAQYIKoZIzj0DAQcDQgAE1lAeuUNMg++4mtxN3Wxezzr4XJWVkC4hxCfsfiFUwaeTW33B2lkHZ8EiUqBdWF69EjYFOog82HQsFpntPliKjg==</string>
    <long name="last_consent_checked_timestamp_for_trigger_millis" value="1734109840249" />
    <boolean name="device_consent" value="true" />
    <long name="last_sync_with_server_time_millis" value="1734693040349" />
    <string name="droidguard_token">AeyxxlGDcIY5r4ZBmxo5qbezSb99fWZbQQuuKikeH+sVWUKhH+FUAKW13f/0i6Zd+tDWjhsJptRLEwZqSqE=</string>
    <int name="device_consent_version" value="0" />
    <long name="raster_consent" value="1" />
    <long name="primary_device_id" value="4337343581573270621" />
    <boolean name="is_public_key_acked" value="false" />
    <string name="private_key">MIGHAgEAMBMGByqGSM49AgEGCCqGSM49AwEHBG0wawIBAQQgf1jeq5iQi5ll0MhGfKGAuWi0H7gPfN0tNH+UwQjOdhChRANCAATWUB65Q0yD77ia3E3dbF7POvhclZWQLiHEJ+x+IVTBp5NbfcHaWQdnwSJSoF1YXr0SNgU6iDzYdCwWme0+WIqO</string>
    <long name="next_sync_timestamp_in_millis" value="1734779423330" />
    <boolean name="checkers_active" value="true" />
    <string name="recent_get_consent_timestamps_in_seconds">1734693317</string>
    <long name="last_client_state_check_timestamp_millis" value="1734689898727" />
    <string name="recent_sync_timestamps_in_seconds">1734693318</string>
    <long name="last_consent_check_with_server_time_millis" value="1734693317345" />
    <boolean name="automatic_cost_setting" value="true" />
    <string name="inactive_sims"></string>
    <long name="previous_session_sync_timestamp_millis" value="1734693022111" />
    <string name="gcm_token">ddhu7A-dMfU:APA91bH5oOZmrNsSY566c9-JY0xj3PzUNjfcu-D65uKh6nSfRgAVz3p2Pytmc2kBUX5JarZ58skWzKwqSnHK-3no-I2ITqyXytVe-2w4rHRXHV5Mlui2rYY</string>
    <long name="raster_consent_version" value="2" />
    <long name="constellation_consent" value="1" />
    <long name="droidguard_token_ttl" value="1735384219848" />
</map>
