<?xml version='1.0' encoding='utf-8' standalone='yes' ?>
<map>
    <string name="283fb8e198c35855485aee7ad680a577b94c4779|0">Ih5kYXRhZG93bmxvYWRmaWxlXzE3MzQ2OTIxMTMyMDgoBA</string>
    <string name="f7de68de03a7c9bf7de31d04c0b6463fd50ac38f|0">Ih5kYXRhZG93bmxvYWRmaWxlXzE3MzQ2OTIxMTMyMDkoBA</string>
    <string name="eb3efb89145a4145e09a609713b251e73e58e3e0|0">Ih5kYXRhZG93bmxvYWRmaWxlXzE3MzQ2OTIxMTMyMTAoBA</string>
    <string name="e26c072eac8f448fca333d7f1ae366e562c7fddc|0">Ih5kYXRhZG93bmxvYWRmaWxlXzE3MzQ2OTIxMTMyMTEoBA</string>
    <string name="e07d7050cab5cfa83493599aca3c54d05007757f|0">Ih5kYXRhZG93bmxvYWRmaWxlXzE3MzQ2OTIxMTMyMTIoBA</string>
    <string name="c76c0a70a77bf99b930ce7b9b02d24ee7e049fb7|0">Ih5kYXRhZG93bmxvYWRmaWxlXzE3MzQ2OTIxMTMyMTMoBA</string>
</map>
