<?xml version='1.0' encoding='utf-8' standalone='yes' ?>
<map>
    <string name="LAUNCHER_STATS">-46881196,-68874096,-990077001</string>
    <string name="TELEPHONY_PLATFORM_STATS">-46881196,-68874096,-990077001</string>
    <string name="PROC_STATS">-46881196,-68874096,-990077001</string>
    <string name="SETTINGS_STATS">-46881196,-68874096,-990077001</string>
    <string name="WIFI_PLATFORM_STATS">-46881196,-68874096,-990077001</string>
    <string name="TELECOM_PLATFORM_STATS">-46881196,-68874096,-990077001</string>
    <string name="GRAPHICS_STATS">-46881196,-68874096,-990077001</string>
    <string name="DROP_BOX">-46881196,-68874096,-990077001</string>
    <string name="GNSS_PLATFORM_STATS">-46881196,-68874096,-990077001</string>
    <string name="EASTWORLD_BATTERY">-46881196,-68874096,-990077001</string>
    <string name="WESTWORLD_METADATA">-46881196,-68874096,-990077001</string>
    <string name="DISK_STATS">-46881196,-68874096,-990077001</string>
    <string name="PERFETTO_UPLOADER_IDENTIFYING">-46881196,-68874096</string>
    <string name="STORAGED">-46881196,-68874096,-990077001</string>
    <string name="BATTERY_STATS">-46881196,-68874096,-990077001</string>
    <string name="IPCONNECTIVITY_PLATFORM_STATS">-46881196,-68874096,-990077001</string>
    <string name="NOTIFICATION_STATS">-46881196,-68874096,-990077001</string>
    <string name="FINGERPRINT_STATS">-46881196,-68874096,-990077001</string>
    <string name="NETSTATS">-46881196,-68874096,-990077001</string>
    <string name="DROP_BOX_EASTWORLD">-46881196,-68874096,-990077001</string>
    <string name="PERFETTO_UPLOADER">-46881196,-68874096</string>
    <string name="WESTWORLD">-46881196,-68874096,-990077001</string>
</map>
