<?xml version='1.0' encoding='utf-8' standalone='yes' ?>
<map>
    <string name="reportingPackage_Account {name=dougleith23sep@gmail.com, type=com.google}">com.google.android.gms+new-account+sync</string>
    <boolean name="adsSubconsentEnabled_Account {name=dougleith23sep@gmail.com, type=com.google}" value="false" />
    <int name="restriction_Account {name=dougleith23sep@gmail.com, type=com.google}" value="0" />
    <boolean name="auto_enable_history_enabled_Account {name=dougleith23sep@gmail.com, type=com.google}" value="false" />
    <string name="historyPackage_Account {name=dougleith23sep@gmail.com, type=com.google}">com.google.android.gms+new-account+sync</string>
    <long name="serverMillis_Account {name=dougleith23sep@gmail.com, type=com.google}" value="1727429496026" />
    <int name="accountType_Account {name=dougleith23sep@gmail.com, type=com.google}" value="0" />
    <boolean name="auto_enable_new_account_Account {name=dougleith23sep@gmail.com, type=com.google}" value="false" />
    <boolean name="reportingEnabled_Account {name=dougleith23sep@gmail.com, type=com.google}" value="false" />
    <boolean name="historyEnabled_Account {name=dougleith23sep@gmail.com, type=com.google}" value="false" />
    <boolean name="auto_enable_eligible_Account {name=dougleith23sep@gmail.com, type=com.google}" value="false" />
    <boolean name="defined" value="true" />
    <boolean name="hasMigratedToOdlh_Account {name=dougleith23sep@gmail.com, type=com.google}" value="true" />
    <long name="updateNumber_Account {name=dougleith23sep@gmail.com, type=com.google}" value="1" />
</map>
