<?xml version='1.0' encoding='utf-8' standalone='yes' ?>
<map>
    <long name="LAST_REPORT_TIME" value="21199890471" />
    <set name="SENT_CONFIGS">
        <string>175729435</string>
    </set>
    <set name="KEEP_UID_MAP_CONFIGS">
        <string>175729435</string>
    </set>
    <string name="log_metadata175729435">ChkI09ITEM3766e+MhiGlAUoADABONm3oNwFChoIuJC4KRDdsLCbvjIY9qgCKAAwAzjIj9PXBQoa&#10;CO281hQQkt3Ohr4yGJaRAigAMAI4yI/T1wUKGQidpysQwsej8r0yGJT+AigAMAE4yI/T1wU=&#10;    </string>
    <set name="ACTIVE_CONFIGS">
        <string>175729435</string>
    </set>
</map>
