<?xml version='1.0' encoding='utf-8' standalone='yes' ?>
<map>
    <long name="first_open_time" value="1734430111222" />
    <string name="gmp_app_id">1:327451421140:android:9c547b5ed466b580</string>
    <string name="previous_os_version">15</string>
    <string name="app_instance_id">75986a03015c1a0d646c4e2b35c00374</string>
    <boolean name="has_been_opened" value="true" />
    <long name="health_monitor:start" value="1734430111379" />
    <boolean name="allow_remote_dynamite" value="true" />
    <boolean name="use_service" value="true" />
    <boolean name="start_new_session" value="true" />
    <boolean name="deferred_analytics_collection" value="false" />
</map>
