{"Fid":"f9yct_ZVS067MsZUpKSYk6","Status":3,"AuthToken":"eyJhbGciOiJFUzI1NiIsInR5cCI6IkpXVCJ9.eyJhcHBJZCI6IjE6MjIxNTcxODQxMzE4OmFuZHJvaWQ6OWM1NDdiNWVkNDY2YjU4MCIsImV4cCI6MTczNTAzNzg4MSwiZmlkIjoiZjl5Y3RfWlZTMDY3TXNaVXBLU1lrNiIsInByb2plY3ROdW1iZXIiOjIyMTU3MTg0MTMxOH0.AB2LPV8wRgIhAIjr1Exlkuoldhq1hGVIEFzHqaWQm8VCxnM4LhhgCqo1AiEAixZ9n0gzcSOhujMt0MBXmfhZ_aXH0CMUSaitjB0M7p4","RefreshToken":"3_AS3qfwKTcEZLRA9EJC0XVrcCynrgL0MCU0gjJrd8caQfzJ4sSsPOo5kLSVUwkBqxqzXlVjCpG7mPhhycpNEqo0VcUqTtHw90KHFsp4gUGBVhzrA","TokenCreationEpochInSecs":1734433080,"ExpiresInSecs":604800}